timestamp,hora,temperatura,humedad,luz,ruido
2026-01-01 00:00:00,0,12.3055188241551,65.7154863834216,115,42
2026-01-01 00:10:00,0,12.325220199038412,63.793653715361934,155,44
2026-01-01 00:20:00,0,11.157970548892957,75.80354079837315,128,44
2026-01-01 00:30:00,0,10.965381329563037,76.96102522312304,46,42
2026-01-01 00:40:00,0,10.988994492556825,72.25377229534344,116,50
2026-01-01 00:50:00,0,11.877392994185243,68.71075930051506,116,42
2026-01-01 01:00:00,1,11.768246028153976,64.18184353372129,16,49
2026-01-01 01:10:00,1,13.411962539677951,64.52428725055576,60,57
2026-01-01 01:20:00,1,13.502748838741265,67.15570131126191,113,42
2026-01-01 01:30:00,1,10.594790018995072,56.28550423482553,65,44
2026-01-01 01:40:00,1,13.55482369044286,70.38223649238333,33,35
2026-01-01 01:50:00,1,13.626334923513785,61.86858956112514,181,53
2026-01-01 02:00:00,2,13.004972667367177,72.7993804702844,159,30
2026-01-01 02:10:00,2,15.737389347516864,68.28270726593807,81,41
2026-01-01 02:20:00,2,15.232176540742085,70.93236289396862,53,53
2026-01-01 02:30:00,2,16.57843096867558,58.84215937201954,2,31
2026-01-01 02:40:00,2,16.36105959922722,57.0919883133307,155,46
2026-01-01 02:50:00,2,14.96732764478435,59.03343326823595,153,43
2026-01-01 03:00:00,3,19.590560671916673,64.08698500811205,143,45
2026-01-01 03:10:00,3,14.420699330861172,58.80474778751262,147,48
2026-01-01 03:20:00,3,20.171383508830186,62.32107219737056,130,36
2026-01-01 03:30:00,3,17.178824559541496,62.732125923231955,30,45
2026-01-01 03:40:00,3,16.784865368979695,67.45574930114681,36,57
2026-01-01 03:50:00,3,19.32719007135408,63.59147678852173,172,46
2026-01-01 04:00:00,4,19.364909393036836,64.6581348576931,127,57
2026-01-01 04:10:00,4,20.02643003232613,58.545692711786884,115,34
2026-01-01 04:20:00,4,16.78878735318739,58.27393272582832,20,41
2026-01-01 04:30:00,4,17.56578851381065,62.61665266842999,94,39
2026-01-01 04:40:00,4,19.259541396278596,56.96583584457801,162,49
2026-01-01 04:50:00,4,17.58999327253579,61.08349729671091,116,30
2026-01-01 05:00:00,5,16.620182420496604,65.119551120214,136,55
2026-01-01 05:10:00,5,18.541161856805278,63.536324603811266,168,47
2026-01-01 05:20:00,5,19.06518370656394,68.85805909727245,176,46
2026-01-01 05:30:00,5,19.433007156383333,64.86098590727318,76,49
2026-01-01 05:40:00,5,18.407111355936728,58.466862721042745,186,32
2026-01-01 05:50:00,5,20.249780853845117,66.3013518068278,169,48
2026-01-01 06:00:00,6,22.531464568348834,66.9662871446035,834,31
2026-01-01 06:10:00,6,21.443007277707338,63.31940855376313,826,47
2026-01-01 06:20:00,6,22.30603436529718,62.15570913615174,643,36
2026-01-01 06:30:00,6,21.029416008606447,61.038923093039735,868,42
2026-01-01 06:40:00,6,21.944142140102805,62.2419607802691,667,48
2026-01-01 06:50:00,6,20.93710607148356,58.552390313699405,850,44
2026-01-01 07:00:00,7,20.830211395733933,64.39158036095657,672,86
2026-01-01 07:10:00,7,17.86850549261839,64.37409884553597,786,82
2026-01-01 07:20:00,7,20.345475545948617,63.04795173795985,873,68
2026-01-01 07:30:00,7,19.14315203736766,66.35047729258933,787,74
2026-01-01 07:40:00,7,17.17032427640222,65.81429262350504,710,80
2026-01-01 07:50:00,7,20.165508192297267,62.40993558124981,855,83
2026-01-01 08:00:00,8,20.454285824601264,61.156589361989525,998,68
2026-01-01 08:10:00,8,16.194203856951656,58.71945006327911,741,69
2026-01-01 08:20:00,8,17.935550864009606,61.493957918126384,809,64
2026-01-01 08:30:00,8,19.652309313107136,56.00667481327398,975,86
2026-01-01 08:40:00,8,17.70478247291566,61.88426769601973,651,85
2026-01-01 08:50:00,8,17.016381798563817,61.8415644722638,625,84
2026-01-01 09:00:00,9,18.52634323740796,61.07665622207478,755,79
2026-01-01 09:10:00,9,15.17630189639949,63.00385192232501,835,72
2026-01-01 09:20:00,9,17.9205229346745,55.46383260721133,862,67
2026-01-01 09:30:00,9,17.798645007928414,57.6946662114249,748,89
2026-01-01 09:40:00,9,16.207334125395207,60.108013937260296,990,87
2026-01-01 09:50:00,9,18.850043043999882,64.82188414720507,870,65
2026-01-01 10:00:00,10,14.326146241941743,63.07386457856596,979,31
2026-01-01 10:10:00,10,17.23020285611251,69.39855343146995,682,59
2026-01-01 10:20:00,10,13.209069353500263,57.447945235685005,880,54
2026-01-01 10:30:00,10,13.85764975036133,60.37094556740239,657,33
2026-01-01 10:40:00,10,14.122878341327016,71.20896664846977,717,54
2026-01-01 10:50:00,10,14.056790480540903,66.55623230886404,999,37
2026-01-01 11:00:00,11,11.509244976382861,67.0302510109032,921,46
2026-01-01 11:10:00,11,13.258997358319125,76.60310253295951,894,59
2026-01-01 11:20:00,11,12.491644022744591,69.6108390571144,964,36
2026-01-01 11:30:00,11,9.79250820803314,67.18011663370731,654,30
2026-01-01 11:40:00,11,12.684682274215954,63.65507112847949,845,42
2026-01-01 11:50:00,11,12.20845309725458,63.75238580954051,605,39
2026-01-01 12:00:00,12,11.339494300277009,71.60230095588105,855,38
2026-01-01 12:10:00,12,7.745529822424517,73.52050956216164,986,37
2026-01-01 12:20:00,12,9.808092061457032,80.08917766935255,835,33
2026-01-01 12:30:00,12,9.548030804763446,72.65465712574989,946,50
2026-01-01 12:40:00,12,8.803015838578313,71.79610084438866,712,52
2026-01-01 12:50:00,12,8.246995364056735,70.70790356689454,728,36
2026-01-01 13:00:00,13,7.889713625728639,73.99098886769248,880,44
2026-01-01 13:10:00,13,8.68757525772245,74.18516095530066,659,57
2026-01-01 13:20:00,13,7.202233161654037,80.45296956827423,754,39
2026-01-01 13:30:00,13,6.669476331000309,79.27131893550632,851,55
2026-01-01 13:40:00,13,7.52700306353211,82.47167876240727,859,52
2026-01-01 13:50:00,13,6.281034607408238,69.8152392382359,911,31
2026-01-01 14:00:00,14,3.753343716152645,77.2359330015403,710,49
2026-01-01 14:10:00,14,6.258367972586619,72.3630917687591,947,52
2026-01-01 14:20:00,14,5.13128417891204,72.20321509385998,652,38
2026-01-01 14:30:00,14,6.3030884887734455,70.02146083725377,832,36
2026-01-01 14:40:00,14,6.172872962676076,77.99041332751567,738,44
2026-01-01 14:50:00,14,4.540870690509212,81.21149058949453,659,46
2026-01-01 15:00:00,15,2.859052875495402,87.91105045404834,601,48
2026-01-01 15:10:00,15,5.291230813435883,87.35675820016779,744,49
2026-01-01 15:20:00,15,4.715198328885399,72.15521281189568,866,38
2026-01-01 15:30:00,15,4.2425140638967935,82.99983718753316,626,55
2026-01-01 15:40:00,15,4.53869378619563,75.13618119120345,872,55
2026-01-01 15:50:00,15,5.258866615799791,73.72053097392357,765,47
2026-01-01 16:00:00,16,-0.07410641076682545,78.84312774739149,980,52
2026-01-01 16:10:00,16,3.0111783160587793,66.98109324019585,610,37
2026-01-01 16:20:00,16,-0.6009460216556075,88.26191495931975,867,41
2026-01-01 16:30:00,16,2.933696307971525,84.50565750817722,900,45
2026-01-01 16:40:00,16,-0.9688097221141199,82.95297673763041,884,31
2026-01-01 16:50:00,16,0.7417362303512237,68.25232649823444,609,35
2026-01-01 17:00:00,17,1.425685989329421,74.05525354786228,814,63
2026-01-01 17:10:00,17,1.0777317365044459,82.78778730488864,719,83
2026-01-01 17:20:00,17,1.9929326380828687,78.32534124957124,828,88
2026-01-01 17:30:00,17,-1.6683719004093507,77.17801488036719,793,80
2026-01-01 17:40:00,17,0.7247592846585001,72.1653130413361,725,78
2026-01-01 17:50:00,17,-3.358084894592639,79.42385927559721,986,78
2026-01-01 18:00:00,18,0.17973334202102212,75.74851465020359,705,62
2026-01-01 18:10:00,18,-0.1747496545576504,76.24545982871366,694,75
2026-01-01 18:20:00,18,-1.0374564942143785,81.72403842530272,915,70
2026-01-01 18:30:00,18,-0.22686233366511926,81.09438594620248,786,63
2026-01-01 18:40:00,18,-0.03589835654680144,78.30890940605359,618,67
2026-01-01 18:50:00,18,1.6997840464191616,77.86024363130615,602,88
2026-01-01 19:00:00,19,-0.015952552560797528,77.70094532761628,79,83
2026-01-01 19:10:00,19,0.764860692419282,80.43592636838328,129,61
2026-01-01 19:20:00,19,1.0158258409235166,70.6058619156857,150,86
2026-01-01 19:30:00,19,1.501575727422772,73.35435127482643,164,88
2026-01-01 19:40:00,19,0.5715135470318733,81.49865214897807,188,73
2026-01-01 19:50:00,19,0.6109915894909251,76.78936148414029,100,72
2026-01-01 20:00:00,20,3.325073218344671,85.35820135401016,70,51
2026-01-01 20:10:00,20,1.3956122365443393,75.36746949669217,42,52
2026-01-01 20:20:00,20,2.9366360364900848,80.3698202177011,98,30
2026-01-01 20:30:00,20,1.5268747834465,77.8479680246205,26,38
2026-01-01 20:40:00,20,0.10813130318947994,81.31051225583398,91,38
2026-01-01 20:50:00,20,3.885588605208721,75.5384250505129,20,57
2026-01-01 21:00:00,21,2.031474567130511,83.07387693416612,4,42
2026-01-01 21:10:00,21,4.038816761395004,76.69129103102317,68,51
2026-01-01 21:20:00,21,2.858344728149382,77.55714528981575,7,37
2026-01-01 21:30:00,21,1.3306929722343472,81.14576536976082,47,33
2026-01-01 21:40:00,21,3.031939958671447,73.99683147598817,183,32
2026-01-01 21:50:00,21,2.8414653537471066,81.88388069419806,179,35
2026-01-01 22:00:00,22,5.645879250058371,71.94362768881453,42,36
2026-01-01 22:10:00,22,6.101868946401796,72.68807241540587,112,31
2026-01-01 22:20:00,22,7.807310813427852,86.02942203749568,0,39
2026-01-01 22:30:00,22,4.73532999810935,76.08723128120617,70,49
2026-01-01 22:40:00,22,8.31261738437089,73.3504892788892,185,30
2026-01-01 22:50:00,22,2.661566222790402,70.77871960756566,27,35
2026-01-01 23:00:00,23,6.877593758130345,79.70887186965605,101,38
2026-01-01 23:10:00,23,7.170767490561691,63.467415682707085,111,39
2026-01-01 23:20:00,23,8.329629006198111,67.62204233413368,123,51
2026-01-01 23:30:00,23,8.902399889725235,79.51429654276613,90,58
2026-01-01 23:40:00,23,9.538424786350799,73.16933137568529,168,43
2026-01-01 23:50:00,23,5.546956038545668,69.17483963097021,78,46
2026-01-02 00:00:00,0,10.543804183260896,67.25983650817842,140,40
2026-01-02 00:10:00,0,11.124024452512622,64.78448501075243,77,56
2026-01-02 00:20:00,0,6.633316827072582,72.28353966356809,187,55
2026-01-02 00:30:00,0,9.713318339670844,63.87734455436838,17,53
2026-01-02 00:40:00,0,9.94554179610273,68.38982898504867,51,38
2026-01-02 00:50:00,0,11.146375272106585,76.46865767024649,166,34
2026-01-02 01:00:00,1,12.639167038636886,72.93084575211368,1,51
2026-01-02 01:10:00,1,13.60792414241024,66.85276156571271,7,30
2026-01-02 01:20:00,1,12.70054165435992,69.8379424367639,138,40
2026-01-02 01:30:00,1,12.074369230620881,70.25162602527173,163,36
2026-01-02 01:40:00,1,12.989171909602764,63.43940273364042,181,31
2026-01-02 01:50:00,1,12.511030026751861,59.6575196698155,61,51
2026-01-02 02:00:00,2,14.047885705684958,78.71421124445138,68,43
2026-01-02 02:10:00,2,12.392992148910379,69.90089665770883,181,37
2026-01-02 02:20:00,2,14.541726838772862,58.35135217260867,74,56
2026-01-02 02:30:00,2,15.757499924148037,66.94909554171124,1,30
2026-01-02 02:40:00,2,17.40068928742481,60.3697975986051,126,40
2026-01-02 02:50:00,2,14.004270872286563,70.60977025263459,195,56
2026-01-02 03:00:00,3,17.824889705115663,62.93764129537627,124,58
2026-01-02 03:10:00,3,14.857207383414675,56.09756500148402,160,44
2026-01-02 03:20:00,3,17.736042275326763,50.889079798667204,128,32
2026-01-02 03:30:00,3,16.424645332560242,57.60757466524495,10,30
2026-01-02 03:40:00,3,15.07009198643751,57.29200730266647,3,35
2026-01-02 03:50:00,3,16.08422011410971,67.67240213041322,25,34
2026-01-02 04:00:00,4,19.49166972613934,64.71954046604775,8,35
2026-01-02 04:10:00,4,19.61260435172228,59.94825579574424,184,59
2026-01-02 04:20:00,4,20.13408850131852,54.75826577731672,61,32
2026-01-02 04:30:00,4,16.95854675839556,62.573665776310115,127,44
2026-01-02 04:40:00,4,18.782993288262553,62.89937157822774,189,59
2026-01-02 04:50:00,4,18.272739919464705,59.46460247501918,101,59
2026-01-02 05:00:00,5,19.64213133019361,60.78178931529716,114,40
2026-01-02 05:10:00,5,21.149296362256802,73.70460845966257,144,41
2026-01-02 05:20:00,5,20.65864526173638,63.59504431968779,29,41
2026-01-02 05:30:00,5,20.73644679047923,58.89380183081381,133,32
2026-01-02 05:40:00,5,23.23638883904644,61.772559331258826,133,49
2026-01-02 05:50:00,5,19.16337264454692,58.407639736745374,179,58
2026-01-02 06:00:00,6,20.126548163945984,63.04666207517,679,52
2026-01-02 06:10:00,6,19.985572523750655,53.175483067549166,863,42
2026-01-02 06:20:00,6,18.580484444784023,61.3780591400867,895,58
2026-01-02 06:30:00,6,17.87458901572481,55.192522508703945,767,43
2026-01-02 06:40:00,6,19.670997146281064,49.55479751578533,786,41
2026-01-02 06:50:00,6,19.122394924684354,61.22034079235662,725,55
2026-01-02 07:00:00,7,19.564576828546237,55.716497367288866,832,72
2026-01-02 07:10:00,7,18.544694778721432,58.57176005241165,730,71
2026-01-02 07:20:00,7,18.579542186686464,70.7736630050339,765,87
2026-01-02 07:30:00,7,19.365097272982673,58.02703388140031,897,72
2026-01-02 07:40:00,7,20.726982608198178,57.91762957175358,739,69
2026-01-02 07:50:00,7,20.667172631787476,61.4029904895512,947,85
2026-01-02 08:00:00,8,17.989964378100364,66.6552589994116,650,81
2026-01-02 08:10:00,8,17.6666194864052,60.09822838536384,865,86
2026-01-02 08:20:00,8,18.096462102976684,65.1108888041426,845,69
2026-01-02 08:30:00,8,18.092676248015984,56.15794195948029,772,72
2026-01-02 08:40:00,8,15.632937155826788,58.1663641936216,964,60
2026-01-02 08:50:00,8,17.118355497672002,58.46418043679446,857,85
2026-01-02 09:00:00,9,20.819598860347767,64.43056876341696,655,67
2026-01-02 09:10:00,9,17.828699516515428,52.76919704874034,806,87
2026-01-02 09:20:00,9,19.12235881508971,61.58705663844135,991,60
2026-01-02 09:30:00,9,18.559550283534332,62.93973903396559,768,80
2026-01-02 09:40:00,9,16.55767403510013,64.72423237330925,915,81
2026-01-02 09:50:00,9,17.204111809535586,61.14496564000735,998,72
2026-01-02 10:00:00,10,13.729537318513877,62.62382320915629,637,55
2026-01-02 10:10:00,10,14.956409828089276,55.531632383029105,984,55
2026-01-02 10:20:00,10,15.971627134704013,57.806602865931914,956,39
2026-01-02 10:30:00,10,15.09126055498581,66.06092981064363,976,53
2026-01-02 10:40:00,10,15.207850941216334,59.92535120181704,910,44
2026-01-02 10:50:00,10,13.122140432356677,66.2782197710613,666,48
2026-01-02 11:00:00,11,11.879992545584942,66.19261356379407,989,52
2026-01-02 11:10:00,11,13.133104712069619,61.15010001351823,784,49
2026-01-02 11:20:00,11,12.033969935716994,64.777880156046,867,37
2026-01-02 11:30:00,11,13.29447905491219,75.15085918502363,896,36
2026-01-02 11:40:00,11,11.951771154175791,70.34884938467144,992,51
2026-01-02 11:50:00,11,12.37849543285944,58.368792551613495,832,57
2026-01-02 12:00:00,12,11.317602861628956,71.76858860296838,948,36
2026-01-02 12:10:00,12,8.16179553911644,63.324091477412885,924,40
2026-01-02 12:20:00,12,8.792253571063533,76.3343461375521,682,36
2026-01-02 12:30:00,12,10.852942742184307,72.8601407225264,821,44
2026-01-02 12:40:00,12,9.811985105710992,65.36981948595934,648,59
2026-01-02 12:50:00,12,9.761035797085217,72.67450888231077,953,39
2026-01-02 13:00:00,13,7.844069345672047,70.69613866884845,601,31
2026-01-02 13:10:00,13,8.572267637801293,72.31783831013213,875,47
2026-01-02 13:20:00,13,6.036355427632005,58.812021159898464,928,35
2026-01-02 13:30:00,13,5.643012770298942,67.82735444503822,669,53
2026-01-02 13:40:00,13,7.2392628981960945,72.4642357400695,734,47
2026-01-02 13:50:00,13,7.373555383665624,73.99194188757154,951,53
2026-01-02 14:00:00,14,5.311602005241282,79.07887369313376,656,45
2026-01-02 14:10:00,14,5.122203712070729,78.83838401655716,707,40
2026-01-02 14:20:00,14,5.267912497517603,68.95816706991963,636,31
2026-01-02 14:30:00,14,5.496406367029014,61.37593889506779,789,49
2026-01-02 14:40:00,14,6.5723713422239145,73.62493946657351,765,50
2026-01-02 14:50:00,14,3.680402632649172,83.10180759162701,808,49
2026-01-02 15:00:00,15,3.0346486857112653,77.94328617043641,822,53
2026-01-02 15:10:00,15,4.157582135415635,77.8254963079866,944,37
2026-01-02 15:20:00,15,3.098926371321785,70.68737735130436,718,30
2026-01-02 15:30:00,15,3.1646366894327245,84.29074098393785,605,54
2026-01-02 15:40:00,15,6.037303721547216,82.19033728528642,709,37
2026-01-02 15:50:00,15,1.5395011302639194,75.5061873787807,802,41
2026-01-02 16:00:00,16,0.7666944774307792,88.0036168139147,724,37
2026-01-02 16:10:00,16,1.5231344177901074,75.72855367194347,819,57
2026-01-02 16:20:00,16,1.5779748567932221,74.93404134512954,736,58
2026-01-02 16:30:00,16,-2.772075511542413,80.43755325262524,731,42
2026-01-02 16:40:00,16,2.532360894711955,83.60725734273544,948,33
2026-01-02 16:50:00,16,2.442609281214644,87.56739979730071,791,38
2026-01-02 17:00:00,17,0.5201466090608393,84.50320130997262,678,69
2026-01-02 17:10:00,17,1.4626125814578281,78.526525731316,971,85
2026-01-02 17:20:00,17,0.7921598991889752,83.48642059936033,631,68
2026-01-02 17:30:00,17,0.15330936693049463,77.63583894301674,918,89
2026-01-02 17:40:00,17,-1.1350990777113115,76.30631989189035,826,83
2026-01-02 17:50:00,17,1.4903833099934327,78.88375593547472,773,83
2026-01-02 18:00:00,18,-0.20858761985313284,79.91558929491607,646,83
2026-01-02 18:10:00,18,0.32306600561444615,86.14257308435359,991,62
2026-01-02 18:20:00,18,1.1823250517430097,78.61321507280512,980,62
2026-01-02 18:30:00,18,-1.2379243054340239,86.80406743573259,658,88
2026-01-02 18:40:00,18,-0.3383180586494728,82.27465174295273,800,87
2026-01-02 18:50:00,18,-0.37670409971478697,70.3749655808277,747,72
2026-01-02 19:00:00,19,1.113847261997741,88.61671793005156,64,78
2026-01-02 19:10:00,19,1.5359702483947113,77.63882552067513,173,72
2026-01-02 19:20:00,19,-1.7186318757271768,80.0001996427828,128,70
2026-01-02 19:30:00,19,-0.39852003437332184,76.86206004944427,104,74
2026-01-02 19:40:00,19,0.22768700758674976,77.08330299433248,119,86
2026-01-02 19:50:00,19,-0.12116839945666313,70.21479080309761,163,82
2026-01-02 20:00:00,20,-0.03160318563197162,71.74156995534315,191,55
2026-01-02 20:10:00,20,3.764804632051045,56.0820290823937,111,54
2026-01-02 20:20:00,20,0.7797252385519464,80.58994586405562,133,59
2026-01-02 20:30:00,20,0.4709868821430705,75.77156392857697,37,37
2026-01-02 20:40:00,20,-0.538114405853455,75.83334947577595,26,55
2026-01-02 20:50:00,20,0.02341763251580553,77.14647004421809,21,37
2026-01-02 21:00:00,21,3.396537842856082,79.39334967367719,166,53
2026-01-02 21:10:00,21,3.3007777362767703,78.19620200157155,41,49
2026-01-02 21:20:00,21,1.955843778096662,79.34571983690996,33,49
2026-01-02 21:30:00,21,-1.4927823784185774,80.24250048697833,70,48
2026-01-02 21:40:00,21,2.2741122726087593,67.83392141945988,85,49
2026-01-02 21:50:00,21,4.739046674720094,76.90879526003562,80,51
2026-01-02 22:00:00,22,2.8554282129490987,71.78662306842145,182,57
2026-01-02 22:10:00,22,4.907968904082973,66.6919003349255,7,50
2026-01-02 22:20:00,22,6.9506110397145004,77.87362413221175,198,43
2026-01-02 22:30:00,22,5.5028482458549695,71.16121581517531,196,36
2026-01-02 22:40:00,22,6.4354878069835975,78.94640531820293,32,45
2026-01-02 22:50:00,22,3.7195530841354882,66.86541489635937,55,48
2026-01-02 23:00:00,23,8.756988888503217,62.886752436613904,87,59
2026-01-02 23:10:00,23,7.404584720946504,77.8023157620122,11,57
2026-01-02 23:20:00,23,8.254333748586946,71.85513540243392,142,36
2026-01-02 23:30:00,23,8.432933928845209,59.735711764062046,139,56
2026-01-02 23:40:00,23,9.897548701725647,72.92893595748887,175,32
2026-01-02 23:50:00,23,5.24892048397421,72.51882436865775,67,38
2026-01-03 00:00:00,0,10.877363995434926,76.46157568669017,52,42
2026-01-03 00:10:00,0,10.224643591057463,61.50980031810518,116,46
2026-01-03 00:20:00,0,8.25675742137825,67.2522961868179,185,52
2026-01-03 00:30:00,0,12.8559153275968,66.32262490750797,82,54
2026-01-03 00:40:00,0,9.500246910452526,72.07471321248863,36,51
2026-01-03 00:50:00,0,11.861453291471598,70.2267654136425,141,45
2026-01-03 01:00:00,1,12.24565729820288,66.99449902547568,174,34
2026-01-03 01:10:00,1,11.464984712540105,74.17189928851465,125,37
2026-01-03 01:20:00,1,13.970812910029247,61.2508592784571,38,44
2026-01-03 01:30:00,1,11.681873979503855,64.07643692673327,52,49
2026-01-03 01:40:00,1,11.312639173426568,68.24042304324107,109,58
2026-01-03 01:50:00,1,12.825500388649584,72.98041943713591,132,51
2026-01-03 02:00:00,2,11.921629792332393,65.93743255785898,131,31
2026-01-03 02:10:00,2,15.061240339292928,67.31275562231694,192,37
2026-01-03 02:20:00,2,11.315072211062189,58.53167737925514,130,35
2026-01-03 02:30:00,2,16.952743908980622,70.41291777380297,134,46
2026-01-03 02:40:00,2,14.7717107950481,66.57864274996598,87,43
2026-01-03 02:50:00,2,16.175653553927383,66.17159097014626,141,52
2026-01-03 03:00:00,3,18.712311594833892,66.6181225353465,137,36
2026-01-03 03:10:00,3,17.968607457955834,57.86185414050278,78,52
2026-01-03 03:20:00,3,14.498259930190747,57.792320973858736,45,59
2026-01-03 03:30:00,3,18.042306922409768,70.35705339210266,30,31
2026-01-03 03:40:00,3,18.114277655090472,61.19649500349717,166,48
2026-01-03 03:50:00,3,18.685069920640405,64.53702640626385,143,36
2026-01-03 04:00:00,4,16.95545488465002,73.83039414815929,25,49
2026-01-03 04:10:00,4,19.269455438184906,57.087964375134035,75,44
2026-01-03 04:20:00,4,19.405868463721205,60.530871747369254,78,39
2026-01-03 04:30:00,4,20.72931969214378,58.61883270767842,0,50
2026-01-03 04:40:00,4,20.58141052472948,58.54921717739058,87,45
2026-01-03 04:50:00,4,19.623123770700886,66.79844996988255,16,43
2026-01-03 05:00:00,5,18.17740375061934,60.69189982080023,68,59
2026-01-03 05:10:00,5,18.5188917159281,57.97202482074276,39,55
2026-01-03 05:20:00,5,18.804671205905777,56.10820634403617,132,43
2026-01-03 05:30:00,5,19.443706013845244,62.874561656047945,199,50
2026-01-03 05:40:00,5,21.330106067139074,58.60542058561239,35,53
2026-01-03 05:50:00,5,21.619384276839703,61.98614920395264,92,51
2026-01-03 06:00:00,6,18.79640833740393,48.84329103238603,609,46
2026-01-03 06:10:00,6,20.56441707700875,54.9619193701857,843,59
2026-01-03 06:20:00,6,20.74874743356077,55.956313693021926,856,39
2026-01-03 06:30:00,6,18.473337411132512,56.1747769228704,885,57
2026-01-03 06:40:00,6,19.032811007863558,59.196511557887106,812,55
2026-01-03 06:50:00,6,19.611683889003977,65.97108544320373,815,33
2026-01-03 07:00:00,7,20.743436642458818,54.71485989030548,925,81
2026-01-03 07:10:00,7,19.881194889620165,55.69748823308147,779,78
2026-01-03 07:20:00,7,21.507164563032955,56.01278364609848,999,75
2026-01-03 07:30:00,7,19.401240677650296,61.524016658255874,876,84
2026-01-03 07:40:00,7,20.738222748460082,60.75614852388403,699,83
2026-01-03 07:50:00,7,21.44748554116266,61.20458699526889,779,75
2026-01-03 08:00:00,8,17.800367538016598,57.67796512180893,864,81
2026-01-03 08:10:00,8,16.95313807560445,69.483602670555,661,77
2026-01-03 08:20:00,8,20.97900533097419,65.3346837208738,698,65
2026-01-03 08:30:00,8,19.681164155327984,65.02703874931876,951,72
2026-01-03 08:40:00,8,18.78073012900057,57.69058419124373,880,79
2026-01-03 08:50:00,8,17.19472558621772,58.45465165393154,629,81
2026-01-03 09:00:00,9,17.653461060711106,68.56259742184066,756,82
2026-01-03 09:10:00,9,18.175473190522812,62.07264196795407,845,73
2026-01-03 09:20:00,9,16.98010494787968,66.52267594261781,639,72
2026-01-03 09:30:00,9,17.612638973310613,67.06333836059343,927,79
2026-01-03 09:40:00,9,19.87712946488474,65.88960785899417,674,64
2026-01-03 09:50:00,9,15.207514883381533,60.894784295078594,950,76
2026-01-03 10:00:00,10,13.301866095796315,62.29367498119909,678,43
2026-01-03 10:10:00,10,15.53597241232779,63.149047716628964,898,59
2026-01-03 10:20:00,10,15.916945935975557,68.94738532219577,609,43
2026-01-03 10:30:00,10,14.268581573504305,67.81549822758376,760,41
2026-01-03 10:40:00,10,13.511536191422968,64.12537403074346,887,46
2026-01-03 10:50:00,10,15.529531329362548,67.4469023837293,743,46
2026-01-03 11:00:00,11,11.964242176467994,61.61505925345442,855,31
2026-01-03 11:10:00,11,14.607799248917718,73.88677543069248,804,47
2026-01-03 11:20:00,11,15.384796334637096,62.31227788259637,810,56
2026-01-03 11:30:00,11,14.41333606455607,64.78701923226046,688,36
2026-01-03 11:40:00,11,14.122680599607628,62.75343743794556,701,59
2026-01-03 11:50:00,11,13.51775363142568,64.70657281015683,759,54
2026-01-03 12:00:00,12,9.504548711370367,71.33429177460508,958,33
2026-01-03 12:10:00,12,11.489003630120976,68.84331028585932,948,39
2026-01-03 12:20:00,12,9.45282925249241,69.03654818077221,607,58
2026-01-03 12:30:00,12,7.7810533368795785,61.29139827562624,966,33
2026-01-03 12:40:00,12,10.073860568544971,74.90317222244327,755,38
2026-01-03 12:50:00,12,8.864737186851295,70.91690073203799,727,59
2026-01-03 13:00:00,13,7.0542288615356545,68.17651078976749,873,54
2026-01-03 13:10:00,13,7.367359764927926,70.30216692303604,770,50
2026-01-03 13:20:00,13,7.060613637723907,66.62243403168117,845,46
2026-01-03 13:30:00,13,5.17646008412593,70.37180546067154,785,46
2026-01-03 13:40:00,13,6.803469562077484,73.29552067816236,652,55
2026-01-03 13:50:00,13,8.592680739462491,72.12337439949044,682,55
2026-01-03 14:00:00,14,6.630839713578201,80.19671732852407,739,55
2026-01-03 14:10:00,14,4.231275882716228,76.80714287287323,906,32
2026-01-03 14:20:00,14,3.7660549854324548,77.58217766981748,618,38
2026-01-03 14:30:00,14,4.847426618011305,83.44042444175713,781,34
2026-01-03 14:40:00,14,4.665572068894705,74.95487522048062,833,53
2026-01-03 14:50:00,14,5.832796711536418,81.49230184356121,607,57
2026-01-03 15:00:00,15,1.297700909817677,79.40284791031883,862,51
2026-01-03 15:10:00,15,6.716381720477418,73.97089874694531,843,33
2026-01-03 15:20:00,15,3.78872472308519,75.25352067214573,915,44
2026-01-03 15:30:00,15,0.6181518203635652,80.86660746089528,730,57
2026-01-03 15:40:00,15,6.09300270146896,77.91339325266877,827,54
2026-01-03 15:50:00,15,7.265179880203697,81.13247173384359,931,52
2026-01-03 16:00:00,16,3.656881906735326,82.65296653230553,807,30
2026-01-03 16:10:00,16,-0.21528517455680585,75.01662898378014,851,49
2026-01-03 16:20:00,16,2.7642110311736334,74.01558200966618,868,34
2026-01-03 16:30:00,16,0.4589694775943223,82.05133816146208,927,31
2026-01-03 16:40:00,16,0.8410793902802036,78.90103355018539,644,34
2026-01-03 16:50:00,16,2.3325879088453503,76.49329707141281,950,35
2026-01-03 17:00:00,17,-0.4208378709554501,82.50963208647174,774,62
2026-01-03 17:10:00,17,0.39816010512966943,78.39283450432116,642,69
2026-01-03 17:20:00,17,-2.1457176964673446,82.21359603879208,750,78
2026-01-03 17:30:00,17,1.8667557652974796,81.51580047804381,701,67
2026-01-03 17:40:00,17,2.3154521015150618,82.03112269997885,811,67
2026-01-03 17:50:00,17,3.498000414707993,80.08423260201732,958,78
2026-01-03 18:00:00,18,-2.7149596636056677,77.11127916729387,946,76
2026-01-03 18:10:00,18,0.35624337724104727,81.69932999906574,748,71
2026-01-03 18:20:00,18,0.212474220109787,83.73874571894466,840,68
2026-01-03 18:30:00,18,1.8727007521381256,78.37894768194766,925,68
2026-01-03 18:40:00,18,2.1186276021221406,81.5227106036705,991,64
2026-01-03 18:50:00,18,3.518431397029651,68.7509000622511,994,80
2026-01-03 19:00:00,19,1.1642319122667493,80.21173766642791,152,71
2026-01-03 19:10:00,19,-1.2715342199794355,78.56927179429937,16,63
2026-01-03 19:20:00,19,0.9391767402966004,83.30168562232538,97,64
2026-01-03 19:30:00,19,-2.737093655500708,75.73439441444204,37,67
2026-01-03 19:40:00,19,-1.8763902344159158,71.58626557274482,79,62
2026-01-03 19:50:00,19,0.961383504239065,84.63536549424886,77,81
2026-01-03 20:00:00,20,3.2229470631162584,80.37073401788284,75,38
2026-01-03 20:10:00,20,2.6791011216562035,73.99881985674679,141,55
2026-01-03 20:20:00,20,3.831817194870003,76.45761099513221,119,41
2026-01-03 20:30:00,20,1.4733482130240732,78.57434032378859,118,47
2026-01-03 20:40:00,20,1.8469810031898792,71.93573487723226,98,53
2026-01-03 20:50:00,20,2.7283949181050113,75.95094340874681,78,36
2026-01-03 21:00:00,21,2.7072164865990085,87.64057239666954,199,37
2026-01-03 21:10:00,21,4.003345513453157,79.65150322156549,133,52
2026-01-03 21:20:00,21,2.1544893337372053,71.69561742476745,124,41
2026-01-03 21:30:00,21,3.4941969850009493,78.36033297166546,55,45
2026-01-03 21:40:00,21,3.4389961027758327,77.7922522061979,139,30
2026-01-03 21:50:00,21,1.9858472436278045,75.35766386528852,143,53
2026-01-03 22:00:00,22,7.334348971382859,70.78426032805247,114,42
2026-01-03 22:10:00,22,3.065428726967852,74.568985332017,150,57
2026-01-03 22:20:00,22,5.164831403263814,72.56747343837354,135,55
2026-01-03 22:30:00,22,5.971732542016905,84.9288183661393,191,36
2026-01-03 22:40:00,22,4.141716320128552,74.96217781177918,195,59
2026-01-03 22:50:00,22,3.6120640127000314,78.61091741996965,87,38
2026-01-03 23:00:00,23,8.855854322349845,77.87323108794617,142,59
2026-01-03 23:10:00,23,7.692596741967127,74.09007010164424,15,40
2026-01-03 23:20:00,23,7.246932672971682,70.64409506558893,30,52
2026-01-03 23:30:00,23,8.494656782068388,66.40500199982081,122,52
2026-01-03 23:40:00,23,7.0925982191776065,73.60329318898867,37,31
2026-01-03 23:50:00,23,7.8933917734496895,65.09401597059635,41,44
2026-01-04 00:00:00,0,7.9661529486314135,69.85906007322244,70,39
2026-01-04 00:10:00,0,8.42517425929808,68.35817041518612,87,45
2026-01-04 00:20:00,0,8.543366426829625,69.15427354795744,13,37
2026-01-04 00:30:00,0,9.375910766657672,71.06961253541371,172,47
2026-01-04 00:40:00,0,11.129200976846963,73.2648068824243,62,57
2026-01-04 00:50:00,0,10.97911051333486,74.61916697642405,51,58
2026-01-04 01:00:00,1,10.356480796125904,73.03142546532796,166,50
2026-01-04 01:10:00,1,11.209274288233289,72.42256677852554,133,58
2026-01-04 01:20:00,1,15.231141397746043,71.50514427716497,105,56
2026-01-04 01:30:00,1,14.968840954888318,78.83346686311631,163,31
2026-01-04 01:40:00,1,11.186029728837713,67.5993765374704,125,59
2026-01-04 01:50:00,1,10.888918829009647,66.52613559370455,189,42
2026-01-04 02:00:00,2,13.096234420703214,56.09871236046884,135,50
2026-01-04 02:10:00,2,15.745753231950816,68.54231223680947,90,31
2026-01-04 02:20:00,2,14.131307960814773,67.95867511459747,96,31
2026-01-04 02:30:00,2,15.26895962584769,61.78908262365533,193,38
2026-01-04 02:40:00,2,17.67293753791709,67.94554828490458,9,44
2026-01-04 02:50:00,2,12.566724420288267,60.98297936165008,173,56
2026-01-04 03:00:00,3,17.888425509038047,52.94546651690463,106,46
2026-01-04 03:10:00,3,19.225400494276876,62.55383761241128,184,36
2026-01-04 03:20:00,3,17.53880817476771,60.37349688769301,62,56
2026-01-04 03:30:00,3,17.35249448158065,68.5431574411727,71,44
2026-01-04 03:40:00,3,19.767053173462276,58.3701647792366,48,38
2026-01-04 03:50:00,3,16.111079126713072,60.34973431125986,108,46
2026-01-04 04:00:00,4,17.7736759200384,58.31497918400239,80,47
2026-01-04 04:10:00,4,19.290649622306944,59.24646637305019,1,47
2026-01-04 04:20:00,4,21.434939997350227,64.22276428564574,34,32
2026-01-04 04:30:00,4,18.594373118067466,65.00401055795673,27,45
2026-01-04 04:40:00,4,19.834084064221003,65.51709536980542,129,37
2026-01-04 04:50:00,4,18.025872234702927,58.50077157914646,72,50
2026-01-04 05:00:00,5,19.552151002296903,65.53606574719387,151,33
2026-01-04 05:10:00,5,19.800272742696986,63.13137815974228,15,56
2026-01-04 05:20:00,5,18.92200289766466,64.4576177075283,72,50
2026-01-04 05:30:00,5,21.358587448769057,66.62093535655241,97,41
2026-01-04 05:40:00,5,19.398666569433036,59.58917251509641,164,50
2026-01-04 05:50:00,5,19.989898573431756,56.88280340093147,89,52
2026-01-04 06:00:00,6,19.885691652063088,48.474743773819235,825,45
2026-01-04 06:10:00,6,20.674642476018523,62.916854776490375,840,35
2026-01-04 06:20:00,6,20.940186702055954,60.10993194674843,681,41
2026-01-04 06:30:00,6,21.32489060938832,54.27315877586342,802,53
2026-01-04 06:40:00,6,20.02031014905305,63.34827684463458,720,44
2026-01-04 06:50:00,6,21.16692471473647,57.50327372329329,939,31
2026-01-04 07:00:00,7,19.496282005310032,59.289320449534735,732,85
2026-01-04 07:10:00,7,18.711179725118136,67.88113568733664,931,65
2026-01-04 07:20:00,7,18.55950701283114,61.88196342009174,776,74
2026-01-04 07:30:00,7,19.85678711552047,53.50294644041625,750,80
2026-01-04 07:40:00,7,19.26670773880804,55.97671296309532,998,65
2026-01-04 07:50:00,7,17.254564106069072,66.79740457079936,728,86
2026-01-04 08:00:00,8,15.937131287537444,63.06974198396822,753,66
2026-01-04 08:10:00,8,17.2638252425481,57.097547181142,709,63
2026-01-04 08:20:00,8,17.640724083741127,70.19464245488125,691,68
2026-01-04 08:30:00,8,19.31209843619344,62.735996609557134,700,76
2026-01-04 08:40:00,8,18.96322663583818,56.94303672627241,947,61
2026-01-04 08:50:00,8,19.74529700187039,59.97292111786596,801,74
2026-01-04 09:00:00,9,17.08538953943952,55.12444820067903,790,79
2026-01-04 09:10:00,9,15.257681434713211,68.86219612670699,930,85
2026-01-04 09:20:00,9,14.905655484141919,61.22434267493779,970,89
2026-01-04 09:30:00,9,17.18075748849213,58.09655500057075,889,81
2026-01-04 09:40:00,9,18.656334520767793,58.9198416323979,787,79
2026-01-04 09:50:00,9,17.997097310968044,55.78128187645242,815,63
2026-01-04 10:00:00,10,14.762527044852419,64.97519554618208,642,59
2026-01-04 10:10:00,10,14.565043540340817,65.15848401220157,919,40
2026-01-04 10:20:00,10,12.98608401548328,69.81919389153049,792,45
2026-01-04 10:30:00,10,15.262018025270079,64.53132620371129,912,55
2026-01-04 10:40:00,10,13.500639887169903,70.86357026093842,665,43
2026-01-04 10:50:00,10,13.496242514770179,63.384281199540546,976,43
2026-01-04 11:00:00,11,9.93106111026228,60.74393716623813,752,56
2026-01-04 11:10:00,11,13.49010762427944,69.67104986824334,939,31
2026-01-04 11:20:00,11,10.476469421980172,71.9476151060618,638,40
2026-01-04 11:30:00,11,13.877813349319458,69.0091768492892,714,45
2026-01-04 11:40:00,11,13.309228996846654,77.04645833265667,809,31
2026-01-04 11:50:00,11,11.572917901012712,65.16679069256158,859,53
2026-01-04 12:00:00,12,11.919817570457708,76.28930037649977,873,42
2026-01-04 12:10:00,12,12.156336637436983,72.28455056345454,997,47
2026-01-04 12:20:00,12,9.380577570513463,72.4948218989913,867,48
2026-01-04 12:30:00,12,9.757508651604203,59.710902722730246,681,58
2026-01-04 12:40:00,12,8.647032246536245,67.57231872440634,895,48
2026-01-04 12:50:00,12,10.88078460882638,65.19141483874408,692,56
2026-01-04 13:00:00,13,8.761690710394726,71.43780893477906,701,38
2026-01-04 13:10:00,13,9.325892590119066,70.80536603988347,633,41
2026-01-04 13:20:00,13,10.073397983497255,78.47135698670184,718,43
2026-01-04 13:30:00,13,5.190039826181637,66.8106009625298,772,52
2026-01-04 13:40:00,13,5.017940685684622,66.91763643462069,871,55
2026-01-04 13:50:00,13,6.885158094063468,75.99704428820758,956,51
2026-01-04 14:00:00,14,8.046960828396927,72.71628345029758,968,36
2026-01-04 14:10:00,14,3.4108138219681328,74.08221993085539,672,53
2026-01-04 14:20:00,14,2.226520428115085,75.74468551314492,945,43
2026-01-04 14:30:00,14,2.418186822318882,77.3157535929671,665,34
2026-01-04 14:40:00,14,7.069557215866174,68.71805895717505,742,53
2026-01-04 14:50:00,14,7.194496590189923,82.27132598432384,664,53
2026-01-04 15:00:00,15,4.271302948654298,80.87405223799925,719,52
2026-01-04 15:10:00,15,1.8339672615607052,76.92102603359707,604,53
2026-01-04 15:20:00,15,3.054895040460145,79.34760758461886,697,56
2026-01-04 15:30:00,15,5.0304326351588555,72.75753705761639,620,44
2026-01-04 15:40:00,15,1.3507145463703516,79.46555351252145,641,45
2026-01-04 15:50:00,15,2.983302869945932,69.38665921670236,812,56
2026-01-04 16:00:00,16,1.5774754488423381,73.5134312672466,812,55
2026-01-04 16:10:00,16,2.7100889308859877,78.0693401680322,882,57
2026-01-04 16:20:00,16,3.039113058797035,70.34300994010037,602,40
2026-01-04 16:30:00,16,-0.4080967742512325,78.46819436373227,610,45
2026-01-04 16:40:00,16,-0.5914589301533923,84.61738068547919,869,34
2026-01-04 16:50:00,16,-0.26537602046026953,74.22700197183575,709,38
2026-01-04 17:00:00,17,-0.3668386716861104,83.58266064135475,813,74
2026-01-04 17:10:00,17,-1.6164470283123762,81.9916395408777,786,83
2026-01-04 17:20:00,17,0.8538040634484367,83.90023102076233,642,68
2026-01-04 17:30:00,17,0.5254378061309651,79.21894355221598,831,65
2026-01-04 17:40:00,17,1.4384085976953507,80.99194175669956,736,72
2026-01-04 17:50:00,17,1.3244573915219156,79.65333901506709,647,63
2026-01-04 18:00:00,18,-1.8296155108340133,80.07936750142882,871,76
2026-01-04 18:10:00,18,-1.8016416510387643,81.20002911042633,997,87
2026-01-04 18:20:00,18,0.2358197755932444,73.14467120871028,769,66
2026-01-04 18:30:00,18,-0.2241533117985663,87.65437604527004,690,79
2026-01-04 18:40:00,18,-1.8545512103828656,78.69149599656389,757,81
2026-01-04 18:50:00,18,2.0936470877161444,85.56325770587118,908,75
2026-01-04 19:00:00,19,-2.1142860632601432,85.24599618794109,15,72
2026-01-04 19:10:00,19,1.7330579363360807,83.62157655832911,14,66
2026-01-04 19:20:00,19,-1.2756211487043352,74.7209132671791,51,87
2026-01-04 19:30:00,19,0.7911443175879354,82.61878843316434,31,67
2026-01-04 19:40:00,19,-0.7321321021595439,83.50708733970129,67,87
2026-01-04 19:50:00,19,2.048579887608123,75.79647259945094,183,81
2026-01-04 20:00:00,20,0.971116132400412,70.01556860636305,31,59
2026-01-04 20:10:00,20,2.9475873000963952,77.02605604636017,18,59
2026-01-04 20:20:00,20,-0.47524161840953427,80.63496843462127,14,30
2026-01-04 20:30:00,20,-1.2552302393497374,84.57190034498625,155,51
2026-01-04 20:40:00,20,-2.2795413812026,70.63777338929468,46,35
2026-01-04 20:50:00,20,4.21978795833296,86.2689583502361,105,32
2026-01-04 21:00:00,21,1.6357198381240803,72.69187206924458,117,49
2026-01-04 21:10:00,21,1.8131691548936844,77.19190616571463,117,51
2026-01-04 21:20:00,21,0.6921009630637318,82.8077687906628,155,57
2026-01-04 21:30:00,21,3.7764884356672472,81.35873604226808,68,41
2026-01-04 21:40:00,21,2.382541479852841,76.51196622387562,56,44
2026-01-04 21:50:00,21,4.150142405535158,68.45875490397205,173,39
2026-01-04 22:00:00,22,3.9942727355544,82.1207171897802,154,44
2026-01-04 22:10:00,22,5.780843133855156,66.3080895018989,46,55
2026-01-04 22:20:00,22,4.000600828023929,69.92968121339536,185,44
2026-01-04 22:30:00,22,4.943006609811112,79.54200880017189,21,36
2026-01-04 22:40:00,22,5.330707728983301,68.54288154528076,93,36
2026-01-04 22:50:00,22,2.785131434752294,72.44284123109458,159,30
2026-01-04 23:00:00,23,7.256262150450525,72.42230808618271,156,47
2026-01-04 23:10:00,23,7.298030539501278,68.92592578703793,184,55
2026-01-04 23:20:00,23,7.946911399074253,62.83510098192607,37,42
2026-01-04 23:30:00,23,6.560771619987117,85.68535092756133,94,57
2026-01-04 23:40:00,23,9.008967646965539,73.56618652917467,119,49
2026-01-04 23:50:00,23,6.131578672794611,76.50979841424567,153,50
2026-01-05 00:00:00,0,10.000447451407211,73.31920880919999,83,33
2026-01-05 00:10:00,0,9.860639601284662,65.95072504021343,189,54
2026-01-05 00:20:00,0,10.094774099189175,76.21194599299258,170,32
2026-01-05 00:30:00,0,11.146856645563577,81.54728346586754,196,56
2026-01-05 00:40:00,0,9.394158818806789,72.01784492764205,189,40
2026-01-05 00:50:00,0,8.840094395425938,60.29796990431632,45,39
2026-01-05 01:00:00,1,11.184278128307959,66.35177896436142,189,46
2026-01-05 01:10:00,1,12.674200614084349,61.80867118826228,63,39
2026-01-05 01:20:00,1,13.845546815795126,65.7943833643395,141,52
2026-01-05 01:30:00,1,12.93733242674192,65.17962603609273,15,44
2026-01-05 01:40:00,1,12.9237227035179,64.68711885468312,31,36
2026-01-05 01:50:00,1,12.054507825591484,75.51869119016334,186,53
2026-01-05 02:00:00,2,12.700236271622828,62.352427124058416,181,48
2026-01-05 02:10:00,2,17.02784261564891,61.43850285716794,111,59
2026-01-05 02:20:00,2,14.208092301384443,62.30788360187825,197,35
2026-01-05 02:30:00,2,15.535551114653178,63.08401144891539,156,41
2026-01-05 02:40:00,2,13.805549683647826,57.38358948113491,80,50
2026-01-05 02:50:00,2,16.38860697936343,60.31756772755855,18,44
2026-01-05 03:00:00,3,18.43324618801474,64.37454350190247,125,55
2026-01-05 03:10:00,3,16.367188253326844,65.0581110318825,166,41
2026-01-05 03:20:00,3,16.650783934046313,66.6447428246116,179,46
2026-01-05 03:30:00,3,17.81238273253757,66.65139352374499,0,33
2026-01-05 03:40:00,3,17.743632212972432,65.78579373574473,98,30
2026-01-05 03:50:00,3,16.657802527888215,63.91121677461218,81,30
2026-01-05 04:00:00,4,17.710982228119445,66.14530090636323,188,48
2026-01-05 04:10:00,4,16.18153958791651,68.54210523013343,105,51
2026-01-05 04:20:00,4,20.820052108224502,61.09976884551681,195,58
2026-01-05 04:30:00,4,20.49647384275135,52.21728106260302,26,50
2026-01-05 04:40:00,4,15.974368753335323,66.58785892405875,160,38
2026-01-05 04:50:00,4,18.814168716476267,60.65173994971528,156,39
2026-01-05 05:00:00,5,19.68212756044612,55.046221310464176,28,33
2026-01-05 05:10:00,5,18.22533820101013,55.826548109607316,67,45
2026-01-05 05:20:00,5,17.84383170137097,66.18475080573052,61,48
2026-01-05 05:30:00,5,19.851142731669864,59.592368087229154,136,54
2026-01-05 05:40:00,5,20.842355771598903,60.07728288126823,37,53
2026-01-05 05:50:00,5,20.165957507346786,65.08734706519895,70,49
2026-01-05 06:00:00,6,17.306850066584566,54.624306961433994,808,54
2026-01-05 06:10:00,6,22.03585523818952,65.67408703167841,931,50
2026-01-05 06:20:00,6,19.176036783103346,59.4389288768548,941,57
2026-01-05 06:30:00,6,20.350655574743868,64.81006351318912,822,34
2026-01-05 06:40:00,6,17.575697795110504,53.03044213418165,743,48
2026-01-05 06:50:00,6,18.541872512696347,58.499411476703386,860,57
2026-01-05 07:00:00,7,21.56035505139109,57.37969473972912,841,75
2026-01-05 07:10:00,7,19.225097709784635,54.6658132725817,790,65
2026-01-05 07:20:00,7,19.7996906107278,61.33834889663484,616,70
2026-01-05 07:30:00,7,18.89120765557142,67.48177832000303,647,85
2026-01-05 07:40:00,7,18.806985093318705,62.168244084963646,695,71
2026-01-05 07:50:00,7,17.611489125650703,65.80380206367532,617,89
2026-01-05 08:00:00,8,22.3950054536724,64.40609292518735,600,64
2026-01-05 08:10:00,8,19.738284219288637,59.498326445159776,762,75
2026-01-05 08:20:00,8,21.22935044827901,64.67492482878752,767,73
2026-01-05 08:30:00,8,17.47994769787228,63.623926572527246,936,73
2026-01-05 08:40:00,8,17.61766200228702,67.3477075325177,699,83
2026-01-05 08:50:00,8,20.806498414404828,55.747364086998154,801,67
2026-01-05 09:00:00,9,18.12573096615506,59.94211791743794,893,88
2026-01-05 09:10:00,9,17.943146766094266,55.46922817912131,908,65
2026-01-05 09:20:00,9,18.185006521269436,68.08181876518444,737,87
2026-01-05 09:30:00,9,19.730367663247954,57.24799950161603,994,75
2026-01-05 09:40:00,9,19.53655412191445,68.17557784184773,973,82
2026-01-05 09:50:00,9,17.33972171533258,58.70199369642504,657,72
2026-01-05 10:00:00,10,15.260399862008153,66.72562984975524,880,38
2026-01-05 10:10:00,10,16.408962432212938,62.19385641191348,960,58
2026-01-05 10:20:00,10,15.924063420311573,63.03459679710445,956,36
2026-01-05 10:30:00,10,12.887953643630135,63.935192891075765,920,53
2026-01-05 10:40:00,10,14.5360423735258,53.98593972357415,733,47
2026-01-05 10:50:00,10,16.24228949493303,64.04122973897053,762,57
2026-01-05 11:00:00,11,11.772043448613582,75.76115762565854,747,48
2026-01-05 11:10:00,11,10.45495678358591,60.79062179748198,635,56
2026-01-05 11:20:00,11,11.980146467513386,66.2651111157737,635,49
2026-01-05 11:30:00,11,10.890362872166461,63.640229878762355,977,36
2026-01-05 11:40:00,11,10.238527698082427,71.35261162568669,693,53
2026-01-05 11:50:00,11,11.573816292314287,64.8980936638384,633,46
2026-01-05 12:00:00,12,8.727472389198953,67.71775013961634,651,39
2026-01-05 12:10:00,12,9.773282387124068,73.18562822073518,658,54
2026-01-05 12:20:00,12,10.352329056324923,67.25391964286005,633,38
2026-01-05 12:30:00,12,10.765334959934616,73.76670133758076,915,48
2026-01-05 12:40:00,12,10.95107367017927,75.59259279675186,655,58
2026-01-05 12:50:00,12,9.49779280235986,80.51830859681897,665,51
2026-01-05 13:00:00,13,6.502075217003379,75.00607425456292,984,35
2026-01-05 13:10:00,13,4.919649157020685,71.39097647768652,718,42
2026-01-05 13:20:00,13,9.546296069977357,74.82992240505611,610,32
2026-01-05 13:30:00,13,6.30752093386603,70.41847282608855,863,56
2026-01-05 13:40:00,13,7.624410362302972,66.25217454870943,892,55
2026-01-05 13:50:00,13,7.360605757186503,68.2951317416268,751,44
2026-01-05 14:00:00,14,4.463763869735438,81.27851978598704,682,37
2026-01-05 14:10:00,14,4.861982496633734,78.51705877590251,823,50
2026-01-05 14:20:00,14,6.470283056348199,80.01274396390993,603,45
2026-01-05 14:30:00,14,7.579738563213948,68.55456944395178,943,51
2026-01-05 14:40:00,14,7.935012810315394,72.50689729152472,923,38
2026-01-05 14:50:00,14,2.7860522686115563,82.31020150317326,603,56
2026-01-05 15:00:00,15,1.831775221671336,80.7003336454039,875,57
2026-01-05 15:10:00,15,3.5023085141489734,74.00588736358868,855,40
2026-01-05 15:20:00,15,2.3657390089377595,76.65428730011381,883,41
2026-01-05 15:30:00,15,3.9393530853877117,75.74475525198582,867,45
2026-01-05 15:40:00,15,2.2515984553757615,75.24677914956864,865,31
2026-01-05 15:50:00,15,1.8372727717168988,77.42095707695678,903,48
2026-01-05 16:00:00,16,2.987157199185476,85.41200061265218,686,57
2026-01-05 16:10:00,16,-0.3513221097783614,75.18245582889179,888,30
2026-01-05 16:20:00,16,2.4048157487573034,76.47776777237556,770,50
2026-01-05 16:30:00,16,0.6397549785584054,72.98951318785826,821,31
2026-01-05 16:40:00,16,0.7772083935071876,76.99877520065657,944,48
2026-01-05 16:50:00,16,0.4459591907670031,75.84461056927803,894,34
2026-01-05 17:00:00,17,-1.1013308144122416,87.36209927094275,675,75
2026-01-05 17:10:00,17,0.36834855665348726,80.41119760402773,747,76
2026-01-05 17:20:00,17,-0.29938565783253024,88.07945554270201,960,73
2026-01-05 17:30:00,17,0.6442244607185339,71.76292315524196,860,69
2026-01-05 17:40:00,17,1.5444342319463975,76.14700735375304,786,74
2026-01-05 17:50:00,17,1.6083518856073198,73.06545431301736,883,64
2026-01-05 18:00:00,18,-0.5983166895925865,77.31785651575005,604,81
2026-01-05 18:10:00,18,-0.8935871205450707,81.04802366385945,723,65
2026-01-05 18:20:00,18,-2.5781048256957724,79.84622800021575,732,77
2026-01-05 18:30:00,18,2.3916854277305646,81.3042543537338,914,79
2026-01-05 18:40:00,18,-1.761290052837834,87.47643162083484,814,82
2026-01-05 18:50:00,18,0.3781742086111607,75.54338683835103,810,78
2026-01-05 19:00:00,19,-1.178497450736534,73.81870574744605,57,63
2026-01-05 19:10:00,19,0.6632484546379355,84.0021175858647,18,84
2026-01-05 19:20:00,19,-3.0300076598572065,69.65373556554906,91,76
2026-01-05 19:30:00,19,-0.5882717561997801,88.94847579746609,51,70
2026-01-05 19:40:00,19,1.1971486770365904,73.83921963100734,117,65
2026-01-05 19:50:00,19,0.29853384798282945,80.3387044803025,128,71
2026-01-05 20:00:00,20,2.16128732021949,75.45573379960756,185,32
2026-01-05 20:10:00,20,1.9391957541067355,77.17785424071981,85,33
2026-01-05 20:20:00,20,1.8109490702018136,82.7117035809096,123,40
2026-01-05 20:30:00,20,3.2265009362499035,79.40556352001518,83,37
2026-01-05 20:40:00,20,-1.8169384077753512,80.60256530846013,174,31
2026-01-05 20:50:00,20,0.4374406934751225,75.98063584888621,69,39
2026-01-05 21:00:00,21,3.4410345547394314,74.83534389901371,151,40
2026-01-05 21:10:00,21,1.9285848709610494,80.87694293800152,189,31
2026-01-05 21:20:00,21,0.6133625793121453,80.73831405157232,78,35
2026-01-05 21:30:00,21,2.2042313966660423,84.4730942685243,76,35
2026-01-05 21:40:00,21,0.5644776569214551,88.1427716318661,43,50
2026-01-05 21:50:00,21,3.6073367042666726,76.5412702753069,176,30
2026-01-05 22:00:00,22,3.7855137239889265,74.03022313019999,153,56
2026-01-05 22:10:00,22,4.462412520211097,79.08401417476138,173,39
2026-01-05 22:20:00,22,5.171034380521389,75.65958642541892,61,56
2026-01-05 22:30:00,22,6.980483424382186,72.08718337542206,26,46
2026-01-05 22:40:00,22,4.720102837845651,79.07834618569237,16,52
2026-01-05 22:50:00,22,6.069964455824417,74.53094642475924,0,30
2026-01-05 23:00:00,23,9.137229238788986,72.78957387515948,85,51
2026-01-05 23:10:00,23,6.501922126051554,83.39446875477637,54,59
2026-01-05 23:20:00,23,6.801169463563493,78.34734016041783,14,57
2026-01-05 23:30:00,23,7.762552905884606,76.85427511029212,117,33
2026-01-05 23:40:00,23,10.791924244355846,81.57768323220212,183,36
2026-01-05 23:50:00,23,6.97731612056373,71.66472571881991,45,46
2026-01-06 00:00:00,0,8.313956482668292,59.53819951983941,106,46
2026-01-06 00:10:00,0,9.09874469175816,73.06962364651093,77,35
2026-01-06 00:20:00,0,8.939117518413786,78.38611573985918,25,59
2026-01-06 00:30:00,0,10.173586977747293,70.63399265267334,164,46
2026-01-06 00:40:00,0,12.180158053031008,74.99476691084676,106,39
2026-01-06 00:50:00,0,13.33993990573998,67.46192074863497,92,30
2026-01-06 01:00:00,1,14.811121912470774,69.89946009827567,33,48
2026-01-06 01:10:00,1,9.69375669378671,71.88472465020743,122,59
2026-01-06 01:20:00,1,12.007051812531323,63.4975132981526,181,58
2026-01-06 01:30:00,1,12.955598188956461,64.12296043667003,192,51
2026-01-06 01:40:00,1,14.198580394335188,65.90867299463025,72,54
2026-01-06 01:50:00,1,14.174994747564808,71.33692148464682,32,42
2026-01-06 02:00:00,2,13.355171405284809,62.280250798315606,94,41
2026-01-06 02:10:00,2,16.494861981067743,66.6770371613948,119,43
2026-01-06 02:20:00,2,17.608125417735536,64.51933950320374,167,59
2026-01-06 02:30:00,2,15.146163377893878,71.33215371634917,105,34
2026-01-06 02:40:00,2,17.06945095442058,67.61646646429571,174,41
2026-01-06 02:50:00,2,12.808268391942786,53.7871356450026,94,36
2026-01-06 03:00:00,3,17.145545255824477,58.640955174147344,116,39
2026-01-06 03:10:00,3,15.798689628561178,66.59317382019888,75,38
2026-01-06 03:20:00,3,17.20725395184439,64.52347471552088,197,41
2026-01-06 03:30:00,3,17.101057232497375,64.70730477282511,81,44
2026-01-06 03:40:00,3,16.884293607997286,64.88082843732143,125,31
2026-01-06 03:50:00,3,17.504141803360877,65.27360323239446,72,47
2026-01-06 04:00:00,4,18.263014110349143,56.601395517531,38,35
2026-01-06 04:10:00,4,19.223951619773384,62.673403269697666,190,45
2026-01-06 04:20:00,4,18.17154945749939,58.17122080708417,19,42
2026-01-06 04:30:00,4,18.852838029852883,68.08275810912708,40,44
2026-01-06 04:40:00,4,20.595738126925706,57.53554935080726,82,36
2026-01-06 04:50:00,4,22.057962224971696,59.7714184652431,83,52
2026-01-06 05:00:00,5,23.065790503492416,58.67026190293,76,37
2026-01-06 05:10:00,5,21.75587695152501,64.01265222812145,27,50
2026-01-06 05:20:00,5,20.083155397701045,59.04136660055089,62,44
2026-01-06 05:30:00,5,19.54230305206227,51.61176493125366,153,44
2026-01-06 05:40:00,5,18.965833798298625,61.946481418956786,180,36
2026-01-06 05:50:00,5,20.905175386438614,63.61031520235472,156,39
2026-01-06 06:00:00,6,19.050567200327052,62.780292657228394,613,44
2026-01-06 06:10:00,6,18.516068607255253,66.5165830446548,931,45
2026-01-06 06:20:00,6,16.60555475252405,66.86912961180961,665,59
2026-01-06 06:30:00,6,19.77707051482887,65.6637126077862,696,35
2026-01-06 06:40:00,6,18.67051142946176,59.68576822740611,986,36
2026-01-06 06:50:00,6,17.683356794289896,62.87156034326748,608,53
2026-01-06 07:00:00,7,21.132985233233473,62.90641342833711,639,78
2026-01-06 07:10:00,7,18.950456464364752,60.060293935329526,818,76
2026-01-06 07:20:00,7,20.632521353702145,56.82885100275947,793,81
2026-01-06 07:30:00,7,18.331668286256352,48.90032529257384,897,62
2026-01-06 07:40:00,7,18.7075824492744,58.96577288635473,915,61
2026-01-06 07:50:00,7,20.52042904418044,62.91040669974328,980,81
2026-01-06 08:00:00,8,17.418141525484288,62.98529756201657,630,85
2026-01-06 08:10:00,8,16.652357498010215,65.64374685729592,926,65
2026-01-06 08:20:00,8,17.33930096829039,72.65565266034102,619,70
2026-01-06 08:30:00,8,17.13616736831929,59.95956244972924,631,85
2026-01-06 08:40:00,8,19.68738923143947,58.457959715361554,985,80
2026-01-06 08:50:00,8,15.06641177980907,53.78789114902094,993,69
2026-01-06 09:00:00,9,17.78742197440721,64.35316266877777,969,64
2026-01-06 09:10:00,9,15.939926932445243,61.82270115580873,853,67
2026-01-06 09:20:00,9,18.288174726203415,67.78337303982431,848,87
2026-01-06 09:30:00,9,15.749028524619018,67.85670813513956,976,67
2026-01-06 09:40:00,9,16.27779598886161,60.64266626102356,646,66
2026-01-06 09:50:00,9,16.79761314230495,65.18730529083751,940,80
2026-01-06 10:00:00,10,14.660683031133502,73.24555694880316,902,31
2026-01-06 10:10:00,10,14.639061624324997,61.16598102386261,976,50
2026-01-06 10:20:00,10,11.22020756629153,66.44605206849039,924,41
2026-01-06 10:30:00,10,13.134981507103625,81.1015112672734,758,39
2026-01-06 10:40:00,10,12.530987356316967,69.09133798895866,752,42
2026-01-06 10:50:00,10,16.108213808405065,66.5871068279723,686,55
2026-01-06 11:00:00,11,13.343083461961738,71.54896190189264,638,43
2026-01-06 11:10:00,11,10.178062280615888,67.92484128157251,994,45
2026-01-06 11:20:00,11,14.325973983231828,68.12385609051177,652,51
2026-01-06 11:30:00,11,10.522061972412473,73.35371879959825,810,45
2026-01-06 11:40:00,11,12.96885798347141,68.7227871348691,602,48
2026-01-06 11:50:00,11,12.558898792671693,63.92136763121452,679,33
2026-01-06 12:00:00,12,9.263127479075877,69.44535752196636,887,50
2026-01-06 12:10:00,12,7.456478980438396,71.79837665640822,853,31
2026-01-06 12:20:00,12,9.36777606140504,63.55734663277674,801,42
2026-01-06 12:30:00,12,12.242862267393262,66.36873449561128,643,31
2026-01-06 12:40:00,12,9.538272652291496,56.82690311594301,942,56
2026-01-06 12:50:00,12,10.434324179055332,73.36588322725231,714,31
2026-01-06 13:00:00,13,8.552435486193147,72.36797449719184,923,50
2026-01-06 13:10:00,13,6.1842423215300695,67.60415196340871,886,46
2026-01-06 13:20:00,13,7.4834828526193915,59.672287178976504,863,38
2026-01-06 13:30:00,13,5.922337165540041,71.45370631379052,679,50
2026-01-06 13:40:00,13,8.279504826997053,59.768639005345534,976,53
2026-01-06 13:50:00,13,7.423887136931949,80.25844235244742,689,51
2026-01-06 14:00:00,14,6.39411192687294,67.15889263581809,870,48
2026-01-06 14:10:00,14,1.4962704871294221,75.9828859508893,952,53
2026-01-06 14:20:00,14,5.386165546841888,71.55850553297567,801,53
2026-01-06 14:30:00,14,6.309989508179155,74.59660675379439,902,47
2026-01-06 14:40:00,14,5.159876999594259,78.91257118614496,805,36
2026-01-06 14:50:00,14,5.169351762447809,83.90213798692125,630,51
2026-01-06 15:00:00,15,4.630305937112286,73.47757529646603,980,32
2026-01-06 15:10:00,15,1.301386130255556,83.86527126020249,938,49
2026-01-06 15:20:00,15,3.2377400216587646,75.9754732762653,743,53
2026-01-06 15:30:00,15,3.1227326658255667,77.43021857769939,978,56
2026-01-06 15:40:00,15,6.021949370078719,78.92454466885803,946,41
2026-01-06 15:50:00,15,4.124777328571165,77.77194039951269,948,46
2026-01-06 16:00:00,16,2.6873411044197315,75.45412435187754,860,54
2026-01-06 16:10:00,16,-2.232692888904629,79.7212528384002,749,39
2026-01-06 16:20:00,16,1.469416060808557,76.78824065739869,792,51
2026-01-06 16:30:00,16,-0.23270161094851227,80.060710580383,842,33
2026-01-06 16:40:00,16,2.4484630595126506,85.2821370151847,637,30
2026-01-06 16:50:00,16,1.2462577972449003,68.62994297006053,927,44
2026-01-06 17:00:00,17,-0.1903194108412095,78.72537566367023,643,81
2026-01-06 17:10:00,17,1.6545792601272336,78.61870735644885,650,72
2026-01-06 17:20:00,17,1.040923074150885,74.2725451128666,822,64
2026-01-06 17:30:00,17,-0.9362469781353104,85.81810818578859,985,72
2026-01-06 17:40:00,17,3.332003533891175,74.48882902902275,652,75
2026-01-06 17:50:00,17,-1.2685957511741197,81.6602655905262,932,65
2026-01-06 18:00:00,18,-1.999678759134229,65.90342426033948,963,86
2026-01-06 18:10:00,18,1.0411548248429316,85.84498528262476,749,82
2026-01-06 18:20:00,18,-1.140404534618759,73.28811990795933,852,67
2026-01-06 18:30:00,18,1.4540440626511044,77.6942391946223,602,89
2026-01-06 18:40:00,18,1.3855799030480092,87.64586909445487,958,75
2026-01-06 18:50:00,18,0.08591384471785518,74.26549965368626,662,64
2026-01-06 19:00:00,19,2.776292520591307,81.24096769193895,46,86
2026-01-06 19:10:00,19,0.4993463883980912,91.45846581830298,108,83
2026-01-06 19:20:00,19,-1.190117101940858,80.90203900249463,34,68
2026-01-06 19:30:00,19,1.7674690056170097,74.06271854385052,180,73
2026-01-06 19:40:00,19,2.465645921813832,79.19163335439154,53,69
2026-01-06 19:50:00,19,-4.0728105820001534,86.33399240060159,82,65
2026-01-06 20:00:00,20,-0.07789055710198278,76.326289181467,60,32
2026-01-06 20:10:00,20,2.481035486000067,73.16833705660575,106,45
2026-01-06 20:20:00,20,4.387425068420937,73.27206314132822,60,30
2026-01-06 20:30:00,20,0.418869049510305,80.0037743373354,93,44
2026-01-06 20:40:00,20,2.805465617388876,79.97892644059435,150,35
2026-01-06 20:50:00,20,1.0174265858677247,84.14089811294967,199,38
2026-01-06 21:00:00,21,2.245311555346791,62.453407428143166,171,47
2026-01-06 21:10:00,21,1.494558899430152,65.03936129905914,144,39
2026-01-06 21:20:00,21,3.430220331842075,77.23000304780868,191,30
2026-01-06 21:30:00,21,2.294326200393085,74.11983452394324,178,54
2026-01-06 21:40:00,21,4.618512535406117,76.74401284157636,101,34
2026-01-06 21:50:00,21,3.9610646399971263,81.97048290612369,153,42
2026-01-06 22:00:00,22,5.052525262488222,76.7453672352845,124,38
2026-01-06 22:10:00,22,4.853768512214561,75.56065800085516,93,34
2026-01-06 22:20:00,22,5.619508084637838,70.94131082922338,161,53
2026-01-06 22:30:00,22,4.377090216270035,70.82646502751054,66,48
2026-01-06 22:40:00,22,4.270252768546256,70.86065628142106,159,59
2026-01-06 22:50:00,22,4.144018059066033,71.83777440197791,196,42
2026-01-06 23:00:00,23,4.814196067051208,74.58639233721811,39,36
2026-01-06 23:10:00,23,7.763536665618096,74.26563412604357,41,55
2026-01-06 23:20:00,23,8.953865913985414,77.75546889374839,124,53
2026-01-06 23:30:00,23,7.803832156017562,73.72318793708698,193,31
2026-01-06 23:40:00,23,7.0587425178200105,72.20105340251561,64,47
2026-01-06 23:50:00,23,6.411338878902841,74.44308256943052,9,31
2026-01-07 00:00:00,0,8.09134105607122,68.23394749870835,164,53
2026-01-07 00:10:00,0,6.122838173023533,68.21910859480342,30,40
2026-01-07 00:20:00,0,11.790394369683948,74.70786468712744,9,41
2026-01-07 00:30:00,0,11.65765339798624,76.34465996379583,61,30
2026-01-07 00:40:00,0,9.717064624621532,74.94956772675766,182,51
2026-01-07 00:50:00,0,9.915588966257904,59.5028435344562,148,52
2026-01-07 01:00:00,1,15.594396843367143,68.92814131760392,148,56
2026-01-07 01:10:00,1,11.656379374721784,67.77869485880458,101,34
2026-01-07 01:20:00,1,12.356800036276281,72.8416168502218,133,53
2026-01-07 01:30:00,1,11.405279294927213,70.78964797229065,113,35
2026-01-07 01:40:00,1,12.685069497146142,69.43794518037971,146,56
2026-01-07 01:50:00,1,10.811141340886728,56.14737395644286,37,34
2026-01-07 02:00:00,2,14.815236742237431,54.78157425374081,72,35
2026-01-07 02:10:00,2,15.3892536278849,65.8985937624133,169,36
2026-01-07 02:20:00,2,15.24755689375674,61.136089182616,65,55
2026-01-07 02:30:00,2,14.24538227910891,69.5724298741544,133,55
2026-01-07 02:40:00,2,13.293863311323697,66.71694960410866,174,48
2026-01-07 02:50:00,2,16.844504999389358,57.674482895964516,7,55
2026-01-07 03:00:00,3,18.724924991375094,65.4071101600758,42,45
2026-01-07 03:10:00,3,14.932508031797362,60.22631286600657,163,32
2026-01-07 03:20:00,3,17.797399899284187,70.03044856096716,19,45
2026-01-07 03:30:00,3,16.392582064517757,59.830723209326635,83,30
2026-01-07 03:40:00,3,17.4844652925477,75.1987571287748,191,43
2026-01-07 03:50:00,3,15.69613845548245,60.8560580497474,15,40
2026-01-07 04:00:00,4,18.213503506181816,66.15081673141277,108,49
2026-01-07 04:10:00,4,21.924071214301907,73.74921239671347,1,57
2026-01-07 04:20:00,4,17.880159094464595,66.2498382874867,106,53
2026-01-07 04:30:00,4,18.437378519387863,56.83353248973183,76,55
2026-01-07 04:40:00,4,18.199605704917193,60.83891345585847,52,57
2026-01-07 04:50:00,4,19.478745082577788,59.00892297697662,119,30
2026-01-07 05:00:00,5,18.698870444405237,66.29173635198403,72,54
2026-01-07 05:10:00,5,18.8898605479957,65.51800633910567,30,53
2026-01-07 05:20:00,5,20.02506741281039,55.57886522587986,18,46
2026-01-07 05:30:00,5,18.927020920012776,59.269006733759404,6,36
2026-01-07 05:40:00,5,19.08875999128905,52.74333601749773,74,38
2026-01-07 05:50:00,5,20.11128336173029,60.69028050646579,158,41
2026-01-07 06:00:00,6,19.25052062687272,75.94403502066852,807,32
2026-01-07 06:10:00,6,19.967454533733402,65.3110708833861,994,34
2026-01-07 06:20:00,6,18.304946435975822,67.16551060771596,734,57
2026-01-07 06:30:00,6,19.65980565498083,64.6702704019075,907,36
2026-01-07 06:40:00,6,21.50518497401184,58.98104557415229,958,45
2026-01-07 06:50:00,6,20.1700667472928,64.80923025114633,683,41
2026-01-07 07:00:00,7,19.728862693444018,66.98678494337906,947,69
2026-01-07 07:10:00,7,18.106867520028796,66.81556984110412,930,79
2026-01-07 07:20:00,7,18.873932311024166,63.90361137794152,776,84
2026-01-07 07:30:00,7,16.919298917607815,63.432181365611115,733,72
2026-01-07 07:40:00,7,21.775751881585954,61.25141986619043,895,84
2026-01-07 07:50:00,7,20.756919778609465,58.29824280912151,825,65
2026-01-07 08:00:00,8,19.116024401369756,64.2244643350933,924,75
2026-01-07 08:10:00,8,20.307608468603664,66.53087088278778,856,64
2026-01-07 08:20:00,8,20.151600400324504,69.7145473451547,735,64
2026-01-07 08:30:00,8,18.909713745754484,67.56451480119708,665,84
2026-01-07 08:40:00,8,19.13231774944043,61.57332356131943,702,72
2026-01-07 08:50:00,8,17.986479289593472,64.23556471564824,727,69
2026-01-07 09:00:00,9,16.638657632109517,62.49555107114689,957,83
2026-01-07 09:10:00,9,16.241339829169696,64.33624868140492,676,69
2026-01-07 09:20:00,9,16.577960423756572,62.16340875255315,834,81
2026-01-07 09:30:00,9,17.795489645073218,58.318780666879185,787,67
2026-01-07 09:40:00,9,17.875211104055662,60.36389197296222,735,64
2026-01-07 09:50:00,9,17.32861802376474,65.3927143937191,954,79
2026-01-07 10:00:00,10,13.260266145354946,63.755315672532696,605,34
2026-01-07 10:10:00,10,16.869849737002774,60.73799254331029,888,58
2026-01-07 10:20:00,10,16.01513713433122,72.99984239219431,683,32
2026-01-07 10:30:00,10,16.83879153706054,65.90295583061165,743,59
2026-01-07 10:40:00,10,17.601082539807923,68.20905314132352,632,38
2026-01-07 10:50:00,10,16.041859075585805,62.803230926159856,976,57
2026-01-07 11:00:00,11,13.967877628403269,74.32082797311143,723,47
2026-01-07 11:10:00,11,12.815183394412342,64.90830475192708,624,46
2026-01-07 11:20:00,11,12.548401705847855,68.8400901683008,897,32
2026-01-07 11:30:00,11,14.304377264355052,80.29880225016153,813,31
2026-01-07 11:40:00,11,13.11677425570779,64.12557464838231,630,35
2026-01-07 11:50:00,11,14.17537743000397,69.0047804068146,646,34
2026-01-07 12:00:00,12,10.995592588919779,73.4398160169968,631,37
2026-01-07 12:10:00,12,8.914959761014611,70.64467621861976,812,36
2026-01-07 12:20:00,12,11.995605592135679,70.09275351076474,828,51
2026-01-07 12:30:00,12,10.863225025171033,80.63637587918693,772,59
2026-01-07 12:40:00,12,11.043379116572966,66.13736553561051,876,36
2026-01-07 12:50:00,12,9.751418414837788,63.95736435666448,987,58
2026-01-07 13:00:00,13,8.36026164263548,70.47295247774836,626,52
2026-01-07 13:10:00,13,6.206417102569686,78.51480926121192,862,35
2026-01-07 13:20:00,13,8.260650855523902,66.76651543705188,936,33
2026-01-07 13:30:00,13,9.024669816143305,72.43710763841294,765,56
2026-01-07 13:40:00,13,9.260414218345609,75.37532714591438,946,43
2026-01-07 13:50:00,13,7.160829668670879,78.77789930658774,973,50
2026-01-07 14:00:00,14,4.267467272747093,71.78277772836864,886,33
2026-01-07 14:10:00,14,5.5763289227144535,69.01534421094142,822,44
2026-01-07 14:20:00,14,2.230599035725162,78.67488435122296,774,33
2026-01-07 14:30:00,14,7.677308335496063,76.15387473900698,932,34
2026-01-07 14:40:00,14,6.5019641278602105,73.0334689894708,708,48
2026-01-07 14:50:00,14,4.133896307814444,78.39572344717963,857,56
2026-01-07 15:00:00,15,5.342154002191128,74.58224055205392,925,35
2026-01-07 15:10:00,15,2.221330950647736,75.6495123658878,860,31
2026-01-07 15:20:00,15,4.2887886817847285,85.19021662226247,870,37
2026-01-07 15:30:00,15,2.0323240475514424,80.09493138029988,613,46
2026-01-07 15:40:00,15,4.444974475436011,86.4911534711492,982,47
2026-01-07 15:50:00,15,2.012938277771827,76.0533824835098,892,49
2026-01-07 16:00:00,16,0.91790946998127,76.3914536975351,648,50
2026-01-07 16:10:00,16,2.8525097503949928,88.58839587630524,614,50
2026-01-07 16:20:00,16,0.29360086961674847,78.58409897263853,988,53
2026-01-07 16:30:00,16,2.394813143051794,72.55522584026208,732,59
2026-01-07 16:40:00,16,-0.6796751655091917,77.61388882648977,682,58
2026-01-07 16:50:00,16,0.6835649572489664,83.06325682055659,855,32
2026-01-07 17:00:00,17,0.6241517615330829,73.54390172526733,754,81
2026-01-07 17:10:00,17,0.9894766686038113,79.98682240412572,624,87
2026-01-07 17:20:00,17,1.4702226140191434,83.29696835481876,823,80
2026-01-07 17:30:00,17,0.4406171241639288,85.2842285923351,955,68
2026-01-07 17:40:00,17,0.6316582072672974,75.35773503855451,768,67
2026-01-07 17:50:00,17,-0.427212489396706,90.93830649011649,997,88
2026-01-07 18:00:00,18,2.964709293841727,88.0834177025224,804,61
2026-01-07 18:10:00,18,-1.1778540888707596,76.1127373749039,665,73
2026-01-07 18:20:00,18,0.8512211188148128,80.91039107978419,826,64
2026-01-07 18:30:00,18,-0.041028071408921805,91.90465454860535,839,87
2026-01-07 18:40:00,18,-1.2168660474958095,81.18889494121193,785,83
2026-01-07 18:50:00,18,-0.12065335810913028,73.5190979809697,861,81
2026-01-07 19:00:00,19,-0.8686431992689105,79.12652062861683,148,84
2026-01-07 19:10:00,19,-0.03277201698607807,77.65415644280206,59,89
2026-01-07 19:20:00,19,-0.9166074944098386,84.41860626204075,9,85
2026-01-07 19:30:00,19,-3.0082149764583623,75.65744333297256,48,86
2026-01-07 19:40:00,19,0.7531036084379987,81.58705334080823,142,89
2026-01-07 19:50:00,19,1.0321161408841735,84.08745605127558,142,80
2026-01-07 20:00:00,20,-0.006412923973125206,67.70577931879772,5,34
2026-01-07 20:10:00,20,1.1180175310137535,87.07991059205254,188,52
2026-01-07 20:20:00,20,1.8177076437431858,75.78520611200403,82,36
2026-01-07 20:30:00,20,1.7619763926538448,76.76136855430788,104,31
2026-01-07 20:40:00,20,1.9132992430815843,86.69057794947317,79,39
2026-01-07 20:50:00,20,2.282350007965556,77.56137073177946,128,51
2026-01-07 21:00:00,21,1.9168678399615826,69.86942460371273,7,47
2026-01-07 21:10:00,21,5.161726708992773,74.58249055831189,53,54
2026-01-07 21:20:00,21,1.5822603371560946,80.0415573402551,185,51
2026-01-07 21:30:00,21,1.0384094825929564,70.39026877516312,76,52
2026-01-07 21:40:00,21,2.8517048422919133,78.46143775731015,111,45
2026-01-07 21:50:00,21,2.883978214720696,72.62075911538875,174,51
2026-01-07 22:00:00,22,6.931904705295142,72.17501925640103,123,43
2026-01-07 22:10:00,22,5.6172825997832385,70.16726587214225,144,42
2026-01-07 22:20:00,22,5.295219741206466,80.93967233317984,102,53
2026-01-07 22:30:00,22,6.25579919437198,70.84091314771062,129,35
2026-01-07 22:40:00,22,3.5001992575370875,71.81227125528235,105,50
2026-01-07 22:50:00,22,6.343889763299733,73.5373106690348,105,35
2026-01-07 23:00:00,23,6.244064714734984,79.19933257404334,35,33
2026-01-07 23:10:00,23,5.517391994704261,71.57630364878341,163,47
2026-01-07 23:20:00,23,7.050671625194813,67.2658205751516,135,55
2026-01-07 23:30:00,23,5.456152633130108,77.70554756097732,17,33
2026-01-07 23:40:00,23,8.44953830078309,75.73294101930884,16,32
2026-01-07 23:50:00,23,8.515871872811452,69.81357355175942,102,37
2026-01-08 00:00:00,0,10.193289119159967,76.48774417430715,184,53
2026-01-08 00:10:00,0,11.603148427163106,65.75396137591183,188,55
2026-01-08 00:20:00,0,9.893549646026095,59.92847540962873,111,46
2026-01-08 00:30:00,0,7.436029051389519,59.78780202663005,132,34
2026-01-08 00:40:00,0,11.504574526269568,71.133449436147,34,33
2026-01-08 00:50:00,0,10.923633442944599,60.65612803287934,139,38
2026-01-08 01:00:00,1,10.67366819547709,65.99934179533817,56,46
2026-01-08 01:10:00,1,13.413519823452138,67.59801080363802,146,44
2026-01-08 01:20:00,1,12.406823719810285,67.93738557352748,168,52
2026-01-08 01:30:00,1,11.282825039982919,57.49953145067262,179,40
2026-01-08 01:40:00,1,11.396185257347218,66.33548355917692,26,40
2026-01-08 01:50:00,1,14.950466723180103,59.76575813970261,190,43
2026-01-08 02:00:00,2,14.722131787098085,65.88884779089248,185,30
2026-01-08 02:10:00,2,16.173579197904623,66.18267608707947,118,38
2026-01-08 02:20:00,2,11.507116412786846,68.34124236626083,128,47
2026-01-08 02:30:00,2,13.615639166020657,69.92848809891,142,56
2026-01-08 02:40:00,2,15.476425074427329,64.65312690755788,166,46
2026-01-08 02:50:00,2,16.323924297961927,61.439052691332186,24,53
2026-01-08 03:00:00,3,17.345961780707093,60.87883433054943,58,45
2026-01-08 03:10:00,3,16.37096195678641,62.36495251911531,81,52
2026-01-08 03:20:00,3,19.132619852342494,70.21691565098693,182,45
2026-01-08 03:30:00,3,17.024732979087158,63.426978603097965,135,58
2026-01-08 03:40:00,3,18.214486201645133,61.78010139834292,93,39
2026-01-08 03:50:00,3,18.471850807449275,64.85715340542153,190,45
2026-01-08 04:00:00,4,18.993769311816447,58.20368544410655,194,55
2026-01-08 04:10:00,4,17.89694663603859,56.52509938644686,158,33
2026-01-08 04:20:00,4,17.762012501129092,64.45930096813474,0,59
2026-01-08 04:30:00,4,20.15759538676196,65.57291377896782,144,32
2026-01-08 04:40:00,4,20.842473644136838,65.71227150498216,113,57
2026-01-08 04:50:00,4,20.00926848199261,62.044542478203034,198,46
2026-01-08 05:00:00,5,19.091573822440125,68.41323537703754,139,57
2026-01-08 05:10:00,5,19.02971142103457,53.249509431794245,127,39
2026-01-08 05:20:00,5,20.453217929389012,58.78455259277065,65,57
2026-01-08 05:30:00,5,20.037143296292456,57.32745002759056,25,47
2026-01-08 05:40:00,5,18.45823988468041,57.308641079523944,95,45
2026-01-08 05:50:00,5,20.5536992687857,65.46972208822737,96,33
2026-01-08 06:00:00,6,19.845842839238337,53.08501831837757,875,31
2026-01-08 06:10:00,6,18.543004227978674,66.0613899192217,672,35
2026-01-08 06:20:00,6,20.307031483286096,52.60092145331965,892,46
2026-01-08 06:30:00,6,16.92537949883846,58.54754931554467,989,33
2026-01-08 06:40:00,6,19.339852785994555,52.05539124830176,631,30
2026-01-08 06:50:00,6,19.44872777584798,59.00049336406002,999,51
2026-01-08 07:00:00,7,18.633159111562016,61.68333974051983,863,74
2026-01-08 07:10:00,7,20.59130360855236,54.81426082640073,779,71
2026-01-08 07:20:00,7,19.875490956553616,57.31483073850692,607,61
2026-01-08 07:30:00,7,19.71233522599267,62.84757590497144,929,73
2026-01-08 07:40:00,7,21.932630187701427,56.844323383267636,794,60
2026-01-08 07:50:00,7,17.44976818765633,64.31976689202136,972,85
2026-01-08 08:00:00,8,19.929155611499883,68.20802952518241,851,67
2026-01-08 08:10:00,8,18.393600001858378,52.430196714901946,819,77
2026-01-08 08:20:00,8,18.720485138169202,56.79300989417476,715,78
2026-01-08 08:30:00,8,19.497339287294288,55.46235945821833,694,64
2026-01-08 08:40:00,8,14.588766041630013,60.50399184526564,877,67
2026-01-08 08:50:00,8,19.608396061719077,55.65713910707958,732,77
2026-01-08 09:00:00,9,18.75105820279068,61.30330912316725,730,81
2026-01-08 09:10:00,9,16.509288784252643,53.45103326392377,926,85
2026-01-08 09:20:00,9,16.29568099305578,65.68393062885427,899,78
2026-01-08 09:30:00,9,17.50598471246938,56.55759340935145,662,81
2026-01-08 09:40:00,9,16.78547123415553,66.21757468785383,779,63
2026-01-08 09:50:00,9,18.135666524714118,68.96903246144475,666,88
2026-01-08 10:00:00,10,13.577729756370992,71.8501151283686,911,37
2026-01-08 10:10:00,10,12.597211121343237,68.94339089000498,932,57
2026-01-08 10:20:00,10,15.966582621430355,66.92506740415718,928,35
2026-01-08 10:30:00,10,15.013738383031345,63.029920501003616,981,44
2026-01-08 10:40:00,10,13.748595682516417,70.0027632444034,986,47
2026-01-08 10:50:00,10,15.701418975141191,61.59679123800438,662,36
2026-01-08 11:00:00,11,10.101406427944951,81.26446032769726,708,37
2026-01-08 11:10:00,11,12.347889281992172,67.95110387008631,890,51
2026-01-08 11:20:00,11,13.365952065537487,64.68305314954218,906,30
2026-01-08 11:30:00,11,13.569800119465649,70.95785627337483,886,58
2026-01-08 11:40:00,11,13.58832793177367,74.70052111831467,754,30
2026-01-08 11:50:00,11,13.400284469380328,75.60573676975785,663,38
2026-01-08 12:00:00,12,11.6772682071946,70.11861925187277,719,57
2026-01-08 12:10:00,12,9.49534002818898,66.57656636581771,756,32
2026-01-08 12:20:00,12,7.7321853398412355,75.42790137745963,704,33
2026-01-08 12:30:00,12,9.987855009922521,77.8713371307284,671,46
2026-01-08 12:40:00,12,10.54576366685716,63.77476286916536,956,43
2026-01-08 12:50:00,12,8.5824712415751,72.82574903988447,906,44
2026-01-08 13:00:00,13,7.552868640322383,67.13043430055222,735,58
2026-01-08 13:10:00,13,8.852339842737589,71.84722992987747,635,42
2026-01-08 13:20:00,13,6.993805738950616,75.58422664533754,630,35
2026-01-08 13:30:00,13,8.138902151752413,74.83872514722988,851,41
2026-01-08 13:40:00,13,7.419941601319586,67.56635990532168,721,51
2026-01-08 13:50:00,13,5.4159033192829344,66.71390534685796,956,52
2026-01-08 14:00:00,14,4.6419730840361115,75.11840942379072,663,41
2026-01-08 14:10:00,14,4.7865812706756365,69.27366432771734,791,53
2026-01-08 14:20:00,14,6.764960958569997,78.08600533472719,990,40
2026-01-08 14:30:00,14,7.287112981767835,72.17872192525326,898,48
2026-01-08 14:40:00,14,5.118617391156187,81.23503068080842,638,32
2026-01-08 14:50:00,14,4.458632047662652,76.04073765481971,833,30
2026-01-08 15:00:00,15,0.9602852239690529,84.81608820386884,799,51
2026-01-08 15:10:00,15,1.7110574561124707,70.41274422271343,974,56
2026-01-08 15:20:00,15,1.2593576088272318,78.28519987067193,873,50
2026-01-08 15:30:00,15,5.07714504091362,83.12797946743869,772,44
2026-01-08 15:40:00,15,2.4391862018985124,67.70678746667221,904,34
2026-01-08 15:50:00,15,2.2884119153140263,89.85809071245613,838,34
2026-01-08 16:00:00,16,1.5745733333738963,80.1821359281673,638,51
2026-01-08 16:10:00,16,1.2746121573528675,91.48660567037625,689,39
2026-01-08 16:20:00,16,3.2542832133731823,80.19094469363715,853,43
2026-01-08 16:30:00,16,0.03427783122801831,76.75716431752484,836,39
2026-01-08 16:40:00,16,1.3688828709883394,70.9554311513381,983,58
2026-01-08 16:50:00,16,1.3072534018633297,65.00089146871707,799,36
2026-01-08 17:00:00,17,1.1681606387373007,81.68836359843536,670,78
2026-01-08 17:10:00,17,1.236555240252025,87.34742835134581,999,66
2026-01-08 17:20:00,17,0.8447632918419238,81.71770661941385,612,72
2026-01-08 17:30:00,17,-0.6182914983263714,81.59517217274471,992,63
2026-01-08 17:40:00,17,-0.9670776415354465,71.66373160104814,798,62
2026-01-08 17:50:00,17,-2.5651564457113736,80.01905858853239,629,64
2026-01-08 18:00:00,18,0.8102520486477156,80.92235528104197,849,77
2026-01-08 18:10:00,18,-2.827180339577538,73.31429093796937,971,73
2026-01-08 18:20:00,18,0.4035635222348717,82.84224396918785,951,78
2026-01-08 18:30:00,18,1.4038590403000184,81.4415890798167,960,67
2026-01-08 18:40:00,18,-1.9933500961294364,71.10578137049679,669,84
2026-01-08 18:50:00,18,0.8472763710768368,81.53567831624447,832,81
2026-01-08 19:00:00,19,2.9041927233737277,77.6591106976605,76,73
2026-01-08 19:10:00,19,0.8310291561072733,70.33414478372055,101,60
2026-01-08 19:20:00,19,1.775043222256087,91.56462844633099,22,67
2026-01-08 19:30:00,19,1.51680914609248,81.3784198668884,87,80
2026-01-08 19:40:00,19,0.9052217696648039,78.25957499483012,56,77
2026-01-08 19:50:00,19,0.3037613961233555,75.12754149120558,30,61
2026-01-08 20:00:00,20,1.3426262358727563,74.04428988889063,70,56
2026-01-08 20:10:00,20,0.8123207960923359,80.06410669091979,157,50
2026-01-08 20:20:00,20,-1.5004080097336372,79.83884261221,41,59
2026-01-08 20:30:00,20,0.8109090731757674,79.19393322385262,198,48
2026-01-08 20:40:00,20,0.2627751653547403,77.19722118193627,33,40
2026-01-08 20:50:00,20,1.8072879464938993,84.082348777086,110,31
2026-01-08 21:00:00,21,2.803556046933823,79.82138546929765,21,52
2026-01-08 21:10:00,21,4.3811839824618435,76.86899078730549,40,55
2026-01-08 21:20:00,21,4.125929012240956,79.48622053489034,60,43
2026-01-08 21:30:00,21,3.919141758737047,75.22984911369014,33,54
2026-01-08 21:40:00,21,2.7612732225884877,80.58855717987848,110,34
2026-01-08 21:50:00,21,1.586052224585396,77.65060880120964,112,34
2026-01-08 22:00:00,22,2.25552414761325,72.10075083890816,186,56
2026-01-08 22:10:00,22,2.9145480273483715,73.48306381015608,41,51
2026-01-08 22:20:00,22,4.391969238252388,76.4340344725349,116,51
2026-01-08 22:30:00,22,4.504169997782063,80.71276581009016,157,50
2026-01-08 22:40:00,22,5.738595893395875,75.68168272602098,77,41
2026-01-08 22:50:00,22,7.627417197097713,76.91903279192529,56,43
2026-01-08 23:00:00,23,8.502514764470265,67.45054217117574,194,33
2026-01-08 23:10:00,23,9.60913511626695,74.8918624712212,121,52
2026-01-08 23:20:00,23,6.135705084231242,72.24955902032411,157,53
2026-01-08 23:30:00,23,6.84406859198757,75.87677381105111,37,44
2026-01-08 23:40:00,23,8.630378960928766,75.56798115627643,190,41
2026-01-08 23:50:00,23,8.478305514753009,73.78972292122656,26,50
2026-01-09 00:00:00,0,8.140362338605895,69.88496860027215,184,50
2026-01-09 00:10:00,0,11.381259466715807,76.17940901457038,51,44
2026-01-09 00:20:00,0,12.369203560228906,72.58113615903153,98,32
2026-01-09 00:30:00,0,11.72096304910385,71.77230420796771,196,41
2026-01-09 00:40:00,0,7.818265747415887,70.17521957452489,32,58
2026-01-09 00:50:00,0,8.376637119411882,68.66108110078467,128,38
2026-01-09 01:00:00,1,14.84514137054715,68.0010730301939,92,45
2026-01-09 01:10:00,1,11.701440882353083,72.43021650154091,100,42
2026-01-09 01:20:00,1,11.158509531213417,66.62598375544881,173,32
2026-01-09 01:30:00,1,12.33722517856455,69.5939366385798,101,44
2026-01-09 01:40:00,1,12.762469479723713,65.51953501769005,161,42
2026-01-09 01:50:00,1,12.276886992519835,57.07807962096799,114,39
2026-01-09 02:00:00,2,16.56836048961935,61.053718479761436,164,50
2026-01-09 02:10:00,2,16.6491271539971,68.02544186709326,117,31
2026-01-09 02:20:00,2,14.035176652889804,70.85840166991532,85,40
2026-01-09 02:30:00,2,14.420774020315536,61.61948725086969,127,45
2026-01-09 02:40:00,2,14.671182912843957,68.82218256908688,53,40
2026-01-09 02:50:00,2,14.80437706261164,73.73384092602458,63,54
2026-01-09 03:00:00,3,17.81406700961292,59.847108484728935,59,54
2026-01-09 03:10:00,3,20.030477611820068,66.42114113865902,80,31
2026-01-09 03:20:00,3,17.18981432827651,70.15255427276894,98,50
2026-01-09 03:30:00,3,16.682595266617053,55.97512351036709,60,43
2026-01-09 03:40:00,3,13.791706735398595,61.61887273888039,131,45
2026-01-09 03:50:00,3,16.26036731231179,66.88141142325527,112,54
2026-01-09 04:00:00,4,19.0398299011543,65.59502945271849,77,52
2026-01-09 04:10:00,4,17.49037541194313,63.651028017121746,26,46
2026-01-09 04:20:00,4,18.47859383229776,58.40423884580689,145,58
2026-01-09 04:30:00,4,19.153521235562714,63.26165820173385,127,47
2026-01-09 04:40:00,4,18.66521802902817,66.47619229664056,124,40
2026-01-09 04:50:00,4,20.737897640393125,62.49147734932889,133,55
2026-01-09 05:00:00,5,19.25491103530654,57.97278562769314,106,59
2026-01-09 05:10:00,5,20.275059954930743,56.11035609063954,188,47
2026-01-09 05:20:00,5,18.830725614711188,56.982023056451915,37,35
2026-01-09 05:30:00,5,20.693423323905705,60.23427809149915,86,52
2026-01-09 05:40:00,5,20.39621580094778,56.89937458972835,49,30
2026-01-09 05:50:00,5,20.937156900849523,67.31025136544076,93,50
2026-01-09 06:00:00,6,19.30896098107154,51.106492041757235,841,38
2026-01-09 06:10:00,6,20.20718725262789,62.66908511960243,608,53
2026-01-09 06:20:00,6,18.93318276757166,61.589813574739026,747,31
2026-01-09 06:30:00,6,19.521432279243612,56.138353074679664,831,41
2026-01-09 06:40:00,6,21.991794038359203,64.11350111241273,963,48
2026-01-09 06:50:00,6,18.22224417387486,66.25937382923539,615,38
2026-01-09 07:00:00,7,19.498958053987813,61.35265926806997,888,71
2026-01-09 07:10:00,7,17.93767428818713,53.97633455420465,611,71
2026-01-09 07:20:00,7,20.065567104455727,61.40120175107687,812,71
2026-01-09 07:30:00,7,19.021639160544932,52.39999943800246,631,71
2026-01-09 07:40:00,7,20.284025428274855,59.07838393843127,927,83
2026-01-09 07:50:00,7,21.482804809662866,59.897583893710866,647,80
2026-01-09 08:00:00,8,20.303650185864715,54.03755046215218,758,70
2026-01-09 08:10:00,8,16.87912555385493,58.21378600333138,663,82
2026-01-09 08:20:00,8,17.757266371251934,60.534292548686885,894,77
2026-01-09 08:30:00,8,20.367876395246398,54.266928319082055,665,74
2026-01-09 08:40:00,8,19.241627230926177,59.055385478339225,829,78
2026-01-09 08:50:00,8,20.035181589879397,55.780641469477686,867,84
2026-01-09 09:00:00,9,17.276072893269163,62.38950669250508,809,87
2026-01-09 09:10:00,9,18.006027017319944,60.85026894561071,925,66
2026-01-09 09:20:00,9,16.0729775575237,55.048901096416,985,70
2026-01-09 09:30:00,9,17.489260438562557,64.08599359715866,761,82
2026-01-09 09:40:00,9,17.13522582442528,66.27149598276536,843,66
2026-01-09 09:50:00,9,15.671176145353996,60.69249764787946,783,76
2026-01-09 10:00:00,10,14.473279969458549,76.33905289149658,608,46
2026-01-09 10:10:00,10,16.067660239782196,68.60469839195015,683,54
2026-01-09 10:20:00,10,13.99720716774331,69.13635296453562,769,44
2026-01-09 10:30:00,10,15.210457708080432,67.98154578371798,604,40
2026-01-09 10:40:00,10,16.811351071078242,60.13426931257484,827,46
2026-01-09 10:50:00,10,13.802215533988551,73.1041285704172,806,54
2026-01-09 11:00:00,11,12.894783123659101,71.9290199698776,839,59
2026-01-09 11:10:00,11,14.417825017574765,72.15434413832035,694,56
2026-01-09 11:20:00,11,13.952685549807379,53.5410245647864,661,33
2026-01-09 11:30:00,11,13.200186971797331,65.71697155890291,633,50
2026-01-09 11:40:00,11,14.030886074301353,68.38711780062577,724,41
2026-01-09 11:50:00,11,15.318191624095789,62.73554061096765,675,52
2026-01-09 12:00:00,12,9.32834734334932,63.812443796374346,885,32
2026-01-09 12:10:00,12,8.97744067482744,63.40254251534177,804,30
2026-01-09 12:20:00,12,9.696602897656598,61.839996166323566,958,31
2026-01-09 12:30:00,12,8.869188846260293,67.58912869985245,819,38
2026-01-09 12:40:00,12,10.37641690436102,61.562671554180746,666,44
2026-01-09 12:50:00,12,7.759195841886066,66.96335662374801,949,48
2026-01-09 13:00:00,13,5.291774099955268,65.20176709792328,932,46
2026-01-09 13:10:00,13,5.3934546521508215,77.43930793030077,659,54
2026-01-09 13:20:00,13,9.63545242449208,67.3772259718503,896,36
2026-01-09 13:30:00,13,7.991853452385246,83.55078009116296,916,32
2026-01-09 13:40:00,13,8.02626150628112,68.44476174263606,910,40
2026-01-09 13:50:00,13,3.564706666099156,80.21113694407232,977,35
2026-01-09 14:00:00,14,6.655169368767138,80.50579536149102,618,53
2026-01-09 14:10:00,14,3.732204510567422,77.74621663766568,734,53
2026-01-09 14:20:00,14,5.425495923129831,76.57473404364332,654,33
2026-01-09 14:30:00,14,5.353567885084547,65.55444833630972,840,54
2026-01-09 14:40:00,14,4.02378227080178,78.20730646849626,766,55
2026-01-09 14:50:00,14,5.951494117590846,84.8261620441583,758,48
2026-01-09 15:00:00,15,1.8734305406818155,76.29632837868425,727,40
2026-01-09 15:10:00,15,2.138531480011615,79.67038928945095,867,49
2026-01-09 15:20:00,15,-0.5028741375836057,77.94994184078331,705,33
2026-01-09 15:30:00,15,1.470373483500411,77.52582966388742,837,37
2026-01-09 15:40:00,15,0.9664882800795169,76.0436336263365,615,54
2026-01-09 15:50:00,15,2.725491044553956,79.18733077709273,848,53
2026-01-09 16:00:00,16,1.8167796831779441,69.83487056908893,618,47
2026-01-09 16:10:00,16,1.4330375464543121,82.76180097391304,701,50
2026-01-09 16:20:00,16,0.1861277833078665,75.99640405692608,902,57
2026-01-09 16:30:00,16,3.5984348109621127,75.86610987736047,788,56
2026-01-09 16:40:00,16,2.142546631463636,78.70981000057287,823,58
2026-01-09 16:50:00,16,-0.20649669398241333,75.10533809625838,653,53
2026-01-09 17:00:00,17,3.02726972699456,81.10331305627133,608,84
2026-01-09 17:10:00,17,-0.8028868207941435,76.01731158095475,764,68
2026-01-09 17:20:00,17,0.7003545687887316,71.88020120661777,672,67
2026-01-09 17:30:00,17,-0.41760989061525244,81.88213928447097,661,66
2026-01-09 17:40:00,17,-0.8934629816168522,82.41017750650013,835,70
2026-01-09 17:50:00,17,0.10420264763787063,81.81273978769845,737,63
2026-01-09 18:00:00,18,-1.3624261250411605,82.53741684680948,978,64
2026-01-09 18:10:00,18,0.48563457615656835,66.78118497884735,928,69
2026-01-09 18:20:00,18,-0.524258024296871,83.03540559800444,882,71
2026-01-09 18:30:00,18,-2.2416244328263346,74.57125540355322,951,89
2026-01-09 18:40:00,18,-0.28358767006236413,75.0990034464665,993,87
2026-01-09 18:50:00,18,-1.0385593920684344,80.84287499533748,719,62
2026-01-09 19:00:00,19,-0.23054919567413346,84.68278409012424,101,76
2026-01-09 19:10:00,19,0.04683735832305719,77.32774819258236,198,87
2026-01-09 19:20:00,19,1.2730683487918228,84.27443796396501,42,83
2026-01-09 19:30:00,19,0.4394104432357804,86.9021456951055,195,69
2026-01-09 19:40:00,19,-0.5610500384815965,84.11428301604585,197,76
2026-01-09 19:50:00,19,0.8772244101508965,91.37910391665591,110,73
2026-01-09 20:00:00,20,2.7610592410403894,81.75759552529702,13,51
2026-01-09 20:10:00,20,1.306026055388373,80.61391625082733,55,55
2026-01-09 20:20:00,20,1.3640322975944486,77.26993607847106,189,50
2026-01-09 20:30:00,20,1.7533110862703971,84.07500562669918,7,49
2026-01-09 20:40:00,20,1.7711528460101524,73.51772530045938,58,51
2026-01-09 20:50:00,20,-1.835522549133628,78.54190926700178,146,50
2026-01-09 21:00:00,21,6.092553307820565,75.00409513513983,26,31
2026-01-09 21:10:00,21,3.7970608167753777,73.34579487818765,182,30
2026-01-09 21:20:00,21,1.5587886907517885,78.1536627645236,25,30
2026-01-09 21:30:00,21,1.0931754340788453,70.20284214225006,148,37
2026-01-09 21:40:00,21,1.4920448225151164,81.74310018005008,172,46
2026-01-09 21:50:00,21,4.234719321835385,78.11413982003062,82,45
2026-01-09 22:00:00,22,7.0611545283504995,74.18945059338205,74,40
2026-01-09 22:10:00,22,6.96999112634204,78.70956148939617,91,45
2026-01-09 22:20:00,22,5.50174161085101,75.08678483691305,28,48
2026-01-09 22:30:00,22,3.561514335992485,67.12005537011044,21,50
2026-01-09 22:40:00,22,6.072765438043576,74.30135209548857,165,59
2026-01-09 22:50:00,22,6.021590922290665,62.53291699372402,34,46
2026-01-09 23:00:00,23,8.35492256964846,72.65492483599985,189,43
2026-01-09 23:10:00,23,6.241292742013905,76.76506697295369,178,45
2026-01-09 23:20:00,23,8.185243316322326,75.97133921551155,16,39
2026-01-09 23:30:00,23,6.023081811220376,67.17698386084216,96,36
2026-01-09 23:40:00,23,7.160543313135066,70.93999596117695,161,34
2026-01-09 23:50:00,23,7.744659021312454,64.99731737172122,30,43
2026-01-10 00:00:00,0,11.017403362010619,61.78549604876445,33,50
2026-01-10 00:10:00,0,9.536270971568364,63.25466261797171,100,50
2026-01-10 00:20:00,0,8.086292882114002,56.23454413922707,94,52
2026-01-10 00:30:00,0,10.30642175870613,73.90649431845611,47,47
2026-01-10 00:40:00,0,13.345951942736932,75.65131818917223,15,58
2026-01-10 00:50:00,0,7.667914012633486,75.3486978420666,100,59
2026-01-10 01:00:00,1,13.34192434092015,67.87829305072081,173,41
2026-01-10 01:10:00,1,13.16469665859278,72.18151228913597,6,44
2026-01-10 01:20:00,1,11.896850765209674,68.30044846260442,26,56
2026-01-10 01:30:00,1,13.811144059771364,61.76851951559506,31,40
2026-01-10 01:40:00,1,11.32356166513676,68.6520051037421,191,53
2026-01-10 01:50:00,1,11.95561106924472,66.3563666336912,84,34
2026-01-10 02:00:00,2,15.667752579044233,66.69703019398567,18,56
2026-01-10 02:10:00,2,15.081637637029376,63.771737700536114,40,48
2026-01-10 02:20:00,2,13.551700309753482,57.88068984932848,153,40
2026-01-10 02:30:00,2,16.10905295771912,67.6044316886293,163,42
2026-01-10 02:40:00,2,11.88850666925104,71.3805708344282,146,53
2026-01-10 02:50:00,2,16.468963461699445,57.75082221430502,127,45
2026-01-10 03:00:00,3,19.01194524522521,70.66445246932214,133,45
2026-01-10 03:10:00,3,17.63423322850564,61.324570143205065,109,51
2026-01-10 03:20:00,3,19.37704208585084,65.46696789272121,187,34
2026-01-10 03:30:00,3,16.99706285507233,56.81185148754011,72,45
2026-01-10 03:40:00,3,19.456404749900507,57.061976474402485,108,58
2026-01-10 03:50:00,3,18.855001885607617,66.91048583727708,56,52
2026-01-10 04:00:00,4,18.6648267528961,61.40407510670757,167,45
2026-01-10 04:10:00,4,18.32350267758161,71.85012354170898,77,44
2026-01-10 04:20:00,4,19.32068583134537,58.78981854231794,183,56
2026-01-10 04:30:00,4,20.26366634105657,58.42603226444311,198,46
2026-01-10 04:40:00,4,17.89289995628592,55.93016741369007,111,33
2026-01-10 04:50:00,4,18.587927322939922,71.39470373232629,25,50
2026-01-10 05:00:00,5,20.822673406882938,63.462477384183764,7,56
2026-01-10 05:10:00,5,19.653872648280267,51.3367777121378,77,58
2026-01-10 05:20:00,5,18.883323356300476,60.9495654054974,166,52
2026-01-10 05:30:00,5,19.707506317067203,61.5363405561098,184,57
2026-01-10 05:40:00,5,18.816048112921518,60.24682696690209,59,40
2026-01-10 05:50:00,5,20.012518841885104,67.92926315012949,20,37
2026-01-10 06:00:00,6,20.09201254980073,55.238482811625815,839,36
2026-01-10 06:10:00,6,17.077814099623907,58.78373717794988,875,55
2026-01-10 06:20:00,6,22.119648362909267,54.20940397047773,987,57
2026-01-10 06:30:00,6,21.462260467107278,60.66066457829092,865,54
2026-01-10 06:40:00,6,20.386208925456852,59.56951393763034,824,36
2026-01-10 06:50:00,6,21.136241820206305,68.11781365191555,873,55
2026-01-10 07:00:00,7,21.915251374667346,61.5844057455368,769,68
2026-01-10 07:10:00,7,23.140595480992488,58.5401812879301,847,64
2026-01-10 07:20:00,7,19.081729591287523,57.2627068820951,900,84
2026-01-10 07:30:00,7,18.403862402991564,65.73625029819537,927,77
2026-01-10 07:40:00,7,21.466442566274935,67.54315818827659,861,64
2026-01-10 07:50:00,7,21.249819757687636,52.94682657648968,736,85
2026-01-10 08:00:00,8,15.671635933932098,62.08661501745501,908,84
2026-01-10 08:10:00,8,18.606002596396326,60.20785056839073,832,74
2026-01-10 08:20:00,8,17.32424637687297,63.940185928783755,998,72
2026-01-10 08:30:00,8,15.627188720720449,63.92365566625696,788,62
2026-01-10 08:40:00,8,20.494611776425806,51.0499298612278,864,62
2026-01-10 08:50:00,8,19.026651119890467,56.68248483037604,803,88
2026-01-10 09:00:00,9,20.397983450749617,57.13018945717946,870,88
2026-01-10 09:10:00,9,17.739195917458677,53.17375647692834,677,83
2026-01-10 09:20:00,9,20.197353617435894,60.59656220807802,649,77
2026-01-10 09:30:00,9,16.030109859404128,58.86268011091511,711,76
2026-01-10 09:40:00,9,17.294629599768147,60.40772684454669,658,64
2026-01-10 09:50:00,9,16.96472773745967,69.1064943074468,606,62
2026-01-10 10:00:00,10,15.493045285218551,65.1390085053767,785,47
2026-01-10 10:10:00,10,16.19817751712146,71.73213190652098,659,44
2026-01-10 10:20:00,10,16.184012076796744,55.85680264168734,720,57
2026-01-10 10:30:00,10,13.266059177892746,66.19804487180777,772,37
2026-01-10 10:40:00,10,16.360977595245163,57.56894015572932,688,47
2026-01-10 10:50:00,10,14.512176949916427,73.78186009002103,864,59
2026-01-10 11:00:00,11,11.310406166657287,62.03986863440588,959,44
2026-01-10 11:10:00,11,13.225903882492489,63.660695551451575,946,36
2026-01-10 11:20:00,11,11.968145975159517,59.845345981902696,671,43
2026-01-10 11:30:00,11,14.344408822018051,63.87364803210658,748,46
2026-01-10 11:40:00,11,11.63764163259627,63.163598440940675,754,34
2026-01-10 11:50:00,11,11.904599197041325,67.69298786201828,967,56
2026-01-10 12:00:00,12,10.778234336342555,60.80543581266592,658,59
2026-01-10 12:10:00,12,8.448030373478224,69.40459804292702,690,53
2026-01-10 12:20:00,12,10.549651940299146,68.41692000245632,886,46
2026-01-10 12:30:00,12,9.329937930215749,71.2128172727188,886,38
2026-01-10 12:40:00,12,10.531746350451375,70.90288562133163,765,45
2026-01-10 12:50:00,12,9.233311203137152,62.79222407783401,617,39
2026-01-10 13:00:00,13,7.730916721937864,74.00688358916396,839,31
2026-01-10 13:10:00,13,6.185900992607465,81.22371954743204,770,30
2026-01-10 13:20:00,13,8.482328525177273,68.5896302545818,890,33
2026-01-10 13:30:00,13,8.276263939221904,76.81632073416554,802,40
2026-01-10 13:40:00,13,8.41001001215073,73.6311402550793,948,39
2026-01-10 13:50:00,13,5.966493436652657,72.83090753228645,843,58
2026-01-10 14:00:00,14,4.772416424645948,72.33729194130827,951,53
2026-01-10 14:10:00,14,5.432529659590958,71.99023852996989,675,38
2026-01-10 14:20:00,14,2.3246947418900326,69.06957430479163,964,38
2026-01-10 14:30:00,14,5.469695890169516,78.96788764458985,949,53
2026-01-10 14:40:00,14,9.245359901588778,80.3466058671316,624,38
2026-01-10 14:50:00,14,6.575014020560388,75.30238552657971,629,55
2026-01-10 15:00:00,15,4.102236149026428,76.01778892819893,860,45
2026-01-10 15:10:00,15,2.5571404937266884,73.05494787250011,639,38
2026-01-10 15:20:00,15,4.137691265791847,78.75913122354011,968,36
2026-01-10 15:30:00,15,3.0002127275588637,77.46911839324255,844,48
2026-01-10 15:40:00,15,2.4712598055403796,67.56151445678191,669,32
2026-01-10 15:50:00,15,2.965865910156872,73.82991738669645,995,35
2026-01-10 16:00:00,16,-0.6217594557266122,85.22397365690068,603,34
2026-01-10 16:10:00,16,2.665557009774213,77.65728617965782,966,33
2026-01-10 16:20:00,16,2.0759541040339906,76.28510491595537,769,37
2026-01-10 16:30:00,16,-1.317911001862916,77.43008098646507,750,30
2026-01-10 16:40:00,16,-0.4769074660229673,73.6493240706688,812,40
2026-01-10 16:50:00,16,2.972784632805003,77.39093161195574,763,30
2026-01-10 17:00:00,17,-1.11469740325919,74.36240800544816,701,79
2026-01-10 17:10:00,17,2.5813758827495246,79.53071824896031,766,80
2026-01-10 17:20:00,17,-0.7892616209687291,79.65047915397768,692,85
2026-01-10 17:30:00,17,-0.6383970056357182,76.89770792494001,975,74
2026-01-10 17:40:00,17,2.6552213130146467,81.58222892736364,857,82
2026-01-10 17:50:00,17,0.37755633480257067,85.96523774699715,682,68
2026-01-10 18:00:00,18,-1.0499741642434612,82.03749417046615,949,85
2026-01-10 18:10:00,18,0.761966492740282,87.22784811292335,610,86
2026-01-10 18:20:00,18,0.45575800622288193,85.06268593446204,845,74
2026-01-10 18:30:00,18,-0.4674941326457247,70.35843710857493,659,85
2026-01-10 18:40:00,18,0.7620840222561089,86.26761175461525,649,82
2026-01-10 18:50:00,18,1.7449113431337127,83.79477167967032,896,63
2026-01-10 19:00:00,19,-0.01817006942464794,72.40128460424633,14,84
2026-01-10 19:10:00,19,0.9350266079476084,71.25584212571857,137,88
2026-01-10 19:20:00,19,2.488123573213651,87.27528311579556,159,89
2026-01-10 19:30:00,19,-2.1327112424193206,71.56774240235058,194,83
2026-01-10 19:40:00,19,1.4554378866169229,84.16775946029017,165,70
2026-01-10 19:50:00,19,0.6728782964080995,82.09590673141403,35,78
2026-01-10 20:00:00,20,3.0017755155509973,78.38339959238172,46,44
2026-01-10 20:10:00,20,2.494128481667077,79.50788389429987,110,58
2026-01-10 20:20:00,20,1.7658379555670107,74.128672289137,33,45
2026-01-10 20:30:00,20,-0.1825613066833498,81.59371109290011,193,55
2026-01-10 20:40:00,20,1.6269862843119138,85.10399456109526,174,59
2026-01-10 20:50:00,20,-1.2617576652780125,83.43858876354831,129,46
2026-01-10 21:00:00,21,6.226921344453582,79.95800691871374,91,38
2026-01-10 21:10:00,21,3.9499488169904975,81.87035720199327,171,56
2026-01-10 21:20:00,21,4.527369101975468,84.24326898587852,66,33
2026-01-10 21:30:00,21,2.6188563197006167,79.77805755247932,45,44
2026-01-10 21:40:00,21,4.989760966619757,81.13592164820615,189,43
2026-01-10 21:50:00,21,0.5721871408705419,78.03819023908498,148,46
2026-01-10 22:00:00,22,4.956509180667467,77.79080297282178,7,49
2026-01-10 22:10:00,22,6.69022920595516,80.07980047305206,27,54
2026-01-10 22:20:00,22,3.1917271024422424,76.66634584308184,133,32
2026-01-10 22:30:00,22,4.426189513274196,69.27570903681737,96,49
2026-01-10 22:40:00,22,4.457413354798701,73.82619210688523,64,44
2026-01-10 22:50:00,22,6.014642301286279,79.48992458639015,82,32
2026-01-10 23:00:00,23,7.615668578015375,77.4587063348419,74,54
2026-01-10 23:10:00,23,9.13612550716326,72.86453319961902,41,57
2026-01-10 23:20:00,23,8.186891633566574,75.96087282206128,44,46
2026-01-10 23:30:00,23,7.271980453041435,81.43372218822324,119,45
2026-01-10 23:40:00,23,7.92551583801154,72.09505452136867,50,37
2026-01-10 23:50:00,23,6.643288488667738,71.60694424942065,124,49
2026-01-11 00:00:00,0,12.518650144172831,66.62310405527158,22,43
2026-01-11 00:10:00,0,11.493143678354775,77.82238496874206,38,42
2026-01-11 00:20:00,0,10.198189178451969,74.13849734860663,101,45
2026-01-11 00:30:00,0,9.583724306139102,76.21205875649213,8,45
2026-01-11 00:40:00,0,9.20500000193066,64.66195530862605,8,54
2026-01-11 00:50:00,0,9.456767435639495,74.91989929420727,182,51
2026-01-11 01:00:00,1,14.332444768412717,59.75585550845142,1,58
2026-01-11 01:10:00,1,12.755935304747185,76.877911918741,186,54
2026-01-11 01:20:00,1,13.114205474826388,73.53686526542552,184,57
2026-01-11 01:30:00,1,11.240305777689043,64.17436823336804,122,55
2026-01-11 01:40:00,1,11.576726479329254,64.36260255251158,7,54
2026-01-11 01:50:00,1,11.537345709395451,66.24763249360977,198,58
2026-01-11 02:00:00,2,16.665779799815713,63.830727561352475,21,49
2026-01-11 02:10:00,2,15.601824123657895,66.21923935282621,165,30
2026-01-11 02:20:00,2,13.900866668151549,61.04784685326545,95,40
2026-01-11 02:30:00,2,12.425847025804956,64.48611208992175,69,42
2026-01-11 02:40:00,2,17.303032562200674,67.33794790947691,138,58
2026-01-11 02:50:00,2,15.3681050012107,68.08688299885965,169,54
2026-01-11 03:00:00,3,17.703826319387158,65.14994553493777,93,39
2026-01-11 03:10:00,3,19.959353728445844,60.32575464892553,39,51
2026-01-11 03:20:00,3,18.74610306243262,67.31935630716553,195,47
2026-01-11 03:30:00,3,14.856574167775063,64.00302081316627,116,47
2026-01-11 03:40:00,3,14.847450008146918,68.00116252390457,115,58
2026-01-11 03:50:00,3,15.07997048003722,72.20208473320899,124,31
2026-01-11 04:00:00,4,15.77241265902623,58.149648503191855,101,47
2026-01-11 04:10:00,4,18.733495033356455,73.65405549740564,174,49
2026-01-11 04:20:00,4,16.64108274878282,58.80591113824222,29,31
2026-01-11 04:30:00,4,18.096760013090815,67.57857657607391,199,55
2026-01-11 04:40:00,4,16.096725064350633,64.9267481171534,16,44
2026-01-11 04:50:00,4,19.64094056753241,58.91011152438518,130,54
2026-01-11 05:00:00,5,24.378724695221337,53.112675610010925,149,39
2026-01-11 05:10:00,5,19.863214196852546,52.786409033733634,64,50
2026-01-11 05:20:00,5,19.051968364411128,66.79386818317188,134,37
2026-01-11 05:30:00,5,17.88980685042743,63.988817410812395,13,43
2026-01-11 05:40:00,5,20.373608466214993,62.78907486950583,102,37
2026-01-11 05:50:00,5,20.321206230010183,63.2289728865688,157,55
2026-01-11 06:00:00,6,19.535699035347143,57.79942709532031,681,41
2026-01-11 06:10:00,6,20.89185142843219,74.24683748766216,998,42
2026-01-11 06:20:00,6,19.013415624872056,58.17443368336884,862,53
2026-01-11 06:30:00,6,17.548997499468484,62.97717226519515,778,53
2026-01-11 06:40:00,6,20.701547390980494,63.67829378418819,636,40
2026-01-11 06:50:00,6,20.42784138212923,59.80472316287662,985,40
2026-01-11 07:00:00,7,22.22014353431743,62.19271981337821,629,89
2026-01-11 07:10:00,7,19.997876400948723,58.35744186021398,817,75
2026-01-11 07:20:00,7,20.95865574453916,57.42010706181479,678,84
2026-01-11 07:30:00,7,18.400169810174333,59.60730756328874,615,70
2026-01-11 07:40:00,7,22.997620762478544,50.600192442250766,752,73
2026-01-11 07:50:00,7,18.6490416805735,62.09773670715785,831,66
2026-01-11 08:00:00,8,15.73433044836051,65.48552863566985,930,74
2026-01-11 08:10:00,8,18.842633454651704,55.61713623329915,883,83
2026-01-11 08:20:00,8,17.721394524879628,63.31999540857654,776,64
2026-01-11 08:30:00,8,19.257979764365405,64.87292594855045,919,64
2026-01-11 08:40:00,8,19.509766126280123,60.369594451021584,843,62
2026-01-11 08:50:00,8,19.99069926370508,67.51155318236586,763,79
2026-01-11 09:00:00,9,16.17753136964392,55.60532774849743,894,87
2026-01-11 09:10:00,9,15.498653825623915,63.18923130340304,908,84
2026-01-11 09:20:00,9,15.658646188237157,62.21536761067073,681,83
2026-01-11 09:30:00,9,18.776697471616806,70.38809591147734,869,65
2026-01-11 09:40:00,9,19.024614796320723,54.44959457031507,656,71
2026-01-11 09:50:00,9,16.2242651893183,64.4059087549817,909,61
2026-01-11 10:00:00,10,15.65883708409918,60.37812865889366,732,32
2026-01-11 10:10:00,10,13.418578208086913,61.47429848030222,896,51
2026-01-11 10:20:00,10,16.03213794346208,66.58935040966661,843,39
2026-01-11 10:30:00,10,14.905988787776595,62.01734010095092,728,50
2026-01-11 10:40:00,10,17.150762533566034,65.70252568734365,730,47
2026-01-11 10:50:00,10,13.668308844671037,64.87365100578677,937,47
2026-01-11 11:00:00,11,15.79041471805861,68.79418262320762,866,53
2026-01-11 11:10:00,11,11.843261751558348,69.23278728457419,763,45
2026-01-11 11:20:00,11,12.24902386556289,63.17307759452018,987,38
2026-01-11 11:30:00,11,11.03602726740609,68.53781271191286,683,56
2026-01-11 11:40:00,11,14.901313918041044,72.47972435201989,634,58
2026-01-11 11:50:00,11,15.178435174594414,65.00380602521687,673,57
2026-01-11 12:00:00,12,9.51532566427793,72.51290914676652,892,35
2026-01-11 12:10:00,12,9.06169903506682,73.94507615690996,684,45
2026-01-11 12:20:00,12,8.671478612062586,79.51745025964273,661,41
2026-01-11 12:30:00,12,9.886650978306138,63.656706775188354,981,54
2026-01-11 12:40:00,12,11.78068664674451,73.17174166283112,950,41
2026-01-11 12:50:00,12,11.06345253590516,75.1263696121348,972,46
2026-01-11 13:00:00,13,7.823849289798291,72.82430270692599,888,49
2026-01-11 13:10:00,13,10.178952936072683,72.9853735698352,811,45
2026-01-11 13:20:00,13,4.80844610459062,73.82629635863738,606,55
2026-01-11 13:30:00,13,5.735053280679443,72.91525533109122,634,55
2026-01-11 13:40:00,13,8.103922315570376,68.69925811763386,741,46
2026-01-11 13:50:00,13,7.927613262466199,76.23865390136422,977,59
2026-01-11 14:00:00,14,7.1101132682091155,76.58390947558337,818,58
2026-01-11 14:10:00,14,2.333525626200555,69.8302315527182,783,55
2026-01-11 14:20:00,14,5.263023729925436,76.01919982837184,945,54
2026-01-11 14:30:00,14,6.6228312266113365,77.31654658279241,936,56
2026-01-11 14:40:00,14,6.259403206760948,74.3768599101486,813,39
2026-01-11 14:50:00,14,7.003483554004612,80.80528697689381,794,58
2026-01-11 15:00:00,15,2.7552095175826903,68.61432858189568,906,55
2026-01-11 15:10:00,15,3.649684104715192,75.47544700845324,760,48
2026-01-11 15:20:00,15,2.2798918940829465,82.10766342333542,953,54
2026-01-11 15:30:00,15,5.307232673130162,77.60387732109487,925,51
2026-01-11 15:40:00,15,2.1582174747083585,86.16199380944755,649,46
2026-01-11 15:50:00,15,0.23651254505644204,85.81658298838107,903,35
2026-01-11 16:00:00,16,0.2891169103022917,79.01344266191946,717,58
2026-01-11 16:10:00,16,2.2551689570352766,73.95624656270545,727,37
2026-01-11 16:20:00,16,-0.6257447955200948,77.36120770973027,905,41
2026-01-11 16:30:00,16,1.6733507338942348,79.21931723290093,995,46
2026-01-11 16:40:00,16,3.071564695229505,78.64004645014907,620,49
2026-01-11 16:50:00,16,0.3698304295598156,70.74652443933158,975,54
2026-01-11 17:00:00,17,2.2465832369323597,71.7763389951737,686,73
2026-01-11 17:10:00,17,-0.5664327770961365,80.92841695833272,846,78
2026-01-11 17:20:00,17,4.418629025218706,86.17089020713887,800,87
2026-01-11 17:30:00,17,0.4512304182837604,67.21417846215029,975,78
2026-01-11 17:40:00,17,0.3755852691556852,74.05104285367428,792,76
2026-01-11 17:50:00,17,-3.0187465893984924,80.95673654897381,783,83
2026-01-11 18:00:00,18,0.310330184764011,72.24040132118054,984,60
2026-01-11 18:10:00,18,-0.9216378761877976,83.9714983128575,791,83
2026-01-11 18:20:00,18,-0.6336886746776844,80.65068440271293,747,68
2026-01-11 18:30:00,18,1.7070995391182886,86.50281308948357,872,62
2026-01-11 18:40:00,18,-0.4321727760213303,77.9555399444513,983,88
2026-01-11 18:50:00,18,-0.1332370740665323,81.52152719920016,824,73
2026-01-11 19:00:00,19,0.6350727123580941,76.95842015184373,164,78
2026-01-11 19:10:00,19,-0.23331693428150924,87.0154564285125,170,66
2026-01-11 19:20:00,19,-0.6566786689022736,75.04199139946972,22,88
2026-01-11 19:30:00,19,-0.5267117212208661,79.35511066555188,145,65
2026-01-11 19:40:00,19,-0.309802360935038,78.66906678260351,166,73
2026-01-11 19:50:00,19,-1.3963470715740498,77.2489312607063,187,81
2026-01-11 20:00:00,20,0.5038460820693271,74.62980136452244,88,48
2026-01-11 20:10:00,20,1.1039489418016823,81.99564148465414,78,55
2026-01-11 20:20:00,20,1.5357532744360847,74.03233464319614,110,40
2026-01-11 20:30:00,20,1.3300774656862677,71.10742237171819,38,49
2026-01-11 20:40:00,20,-0.1254121263203083,80.04517532973603,57,45
2026-01-11 20:50:00,20,1.5778752310842028,77.13442022432865,89,53
2026-01-11 21:00:00,21,1.9694732282819778,90.09078821983667,135,34
2026-01-11 21:10:00,21,2.4708915368125006,70.18300533371007,15,53
2026-01-11 21:20:00,21,3.8029885787373074,81.55530106156439,76,50
2026-01-11 21:30:00,21,0.9006477120742891,74.96959005244804,65,58
2026-01-11 21:40:00,21,1.099883667942786,71.68877641573667,136,59
2026-01-11 21:50:00,21,2.871315483083363,78.27199214368204,18,34
2026-01-11 22:00:00,22,5.718613601442741,67.20147642819472,97,45
2026-01-11 22:10:00,22,3.8180451542924234,71.19132439166201,50,44
2026-01-11 22:20:00,22,3.609058590228761,73.44625790229829,6,39
2026-01-11 22:30:00,22,3.509316845573209,81.71640287018955,168,49
2026-01-11 22:40:00,22,5.3436616569067175,76.79688188378357,117,54
2026-01-11 22:50:00,22,4.758394145072162,66.53942310974755,6,56
2026-01-11 23:00:00,23,8.13969966172207,70.43034191358603,130,35
2026-01-11 23:10:00,23,8.448566661712697,79.37979121720352,100,31
2026-01-11 23:20:00,23,6.535546608685322,68.33373148593449,75,47
2026-01-11 23:30:00,23,8.363307556602146,68.1152273743024,102,47
2026-01-11 23:40:00,23,6.1812453835869725,76.47312493241418,188,33
2026-01-11 23:50:00,23,7.167713655788889,66.90104960396174,183,32
2026-01-12 00:00:00,0,9.011004938202495,68.73348854640518,56,42
2026-01-12 00:10:00,0,10.006872331538458,66.86788970286935,107,50
2026-01-12 00:20:00,0,7.896558160329481,77.37897095174375,17,53
2026-01-12 00:30:00,0,10.003901440344782,79.15937113777643,55,39
2026-01-12 00:40:00,0,10.110834882443537,68.90409333894512,157,49
2026-01-12 00:50:00,0,8.878809449445079,68.17754658127835,33,40
2026-01-12 01:00:00,1,15.399833569306896,66.89027295752156,92,40
2026-01-12 01:10:00,1,13.918553393729445,68.08940978189133,167,49
2026-01-12 01:20:00,1,14.17820960036373,74.01073652326926,29,45
2026-01-12 01:30:00,1,10.878093060250146,63.20945980821523,172,51
2026-01-12 01:40:00,1,11.066540178666763,55.11046095999474,180,55
2026-01-12 01:50:00,1,11.901276863155509,64.96899708576414,187,56
2026-01-12 02:00:00,2,16.06414384352293,56.657420650035675,102,57
2026-01-12 02:10:00,2,14.491977283661274,69.28315730281628,59,51
2026-01-12 02:20:00,2,15.686555702904045,62.306828399066234,22,54
2026-01-12 02:30:00,2,16.01431709425481,64.76480341472988,128,48
2026-01-12 02:40:00,2,15.497466819409148,62.10684857221528,39,39
2026-01-12 02:50:00,2,15.996933575631326,67.20504938250548,194,36
2026-01-12 03:00:00,3,15.27950283710153,69.6713624180492,53,34
2026-01-12 03:10:00,3,16.287020131473437,67.00956801738714,139,33
2026-01-12 03:20:00,3,18.067133206328883,60.38073759816085,125,55
2026-01-12 03:30:00,3,15.248292679325179,64.32997688165139,113,43
2026-01-12 03:40:00,3,17.91629423426598,66.97515482838918,86,35
2026-01-12 03:50:00,3,15.883581406414777,60.883884456256816,78,55
2026-01-12 04:00:00,4,18.708271340306215,63.46719908796268,154,45
2026-01-12 04:10:00,4,17.410246983694112,58.34459881357642,48,56
2026-01-12 04:20:00,4,17.686089267855262,60.80400844547727,6,40
2026-01-12 04:30:00,4,17.674298283912172,70.69252880165891,39,55
2026-01-12 04:40:00,4,18.52916068345732,59.20428185347478,46,54
2026-01-12 04:50:00,4,16.60639000708372,55.221484918430455,184,56
2026-01-12 05:00:00,5,17.58357372632201,51.805215789119366,181,54
2026-01-12 05:10:00,5,20.27082263101711,62.19352802853006,188,43
2026-01-12 05:20:00,5,19.894425438318947,62.51384886593802,90,57
2026-01-12 05:30:00,5,18.550882718009444,54.22182725673843,187,38
2026-01-12 05:40:00,5,21.00772633459502,60.76588616063701,40,42
2026-01-12 05:50:00,5,19.217156948296704,65.38354662003465,91,38
2026-01-12 06:00:00,6,20.7933913801642,59.65082534355306,825,36
2026-01-12 06:10:00,6,22.754890890443495,55.98412313197542,787,41
2026-01-12 06:20:00,6,21.606786193830686,51.15242692609487,700,31
2026-01-12 06:30:00,6,19.36314798927102,53.49196477522541,984,37
2026-01-12 06:40:00,6,21.237133167742716,66.27874073557854,647,36
2026-01-12 06:50:00,6,18.703281847123883,71.68491508728947,713,44
2026-01-12 07:00:00,7,20.349403406012296,64.6180455457896,887,87
2026-01-12 07:10:00,7,18.711339877907655,61.40798037026279,925,83
2026-01-12 07:20:00,7,20.578511778708727,63.81278888205169,724,77
2026-01-12 07:30:00,7,17.51340724675454,53.73506382044401,894,82
2026-01-12 07:40:00,7,19.62765607795543,52.6395737437056,858,63
2026-01-12 07:50:00,7,19.65541781965006,60.69402880476602,653,63
2026-01-12 08:00:00,8,19.041764537204944,62.3466196066172,910,86
2026-01-12 08:10:00,8,20.334736924712743,57.05646559686005,900,60
2026-01-12 08:20:00,8,19.311319247107235,59.86469941976056,632,62
2026-01-12 08:30:00,8,20.42654503684131,71.7421084561053,636,64
2026-01-12 08:40:00,8,17.59699830373146,61.923704310079046,758,74
2026-01-12 08:50:00,8,17.79273856763974,53.71749122999323,842,85
2026-01-12 09:00:00,9,17.699446403667604,60.89088671777647,987,89
2026-01-12 09:10:00,9,17.51745826537196,66.71903547907387,875,63
2026-01-12 09:20:00,9,21.104797956352478,64.59262417595124,999,83
2026-01-12 09:30:00,9,16.880807107416906,74.92398775087186,896,81
2026-01-12 09:40:00,9,17.57042275963098,58.87533680656992,837,86
2026-01-12 09:50:00,9,16.817398774743193,66.81061633650917,835,71
2026-01-12 10:00:00,10,14.324146130635462,68.95920064119198,819,56
2026-01-12 10:10:00,10,17.42214471738242,62.67031216500042,649,46
2026-01-12 10:20:00,10,15.507926995367155,65.69416161052214,723,40
2026-01-12 10:30:00,10,14.451566966737635,69.47417184704489,937,42
2026-01-12 10:40:00,10,14.635211598591404,67.06519654584953,991,39
2026-01-12 10:50:00,10,17.431614138503203,55.641059637707485,618,59
2026-01-12 11:00:00,11,10.215616732373086,75.11861551552451,956,58
2026-01-12 11:10:00,11,13.598878018737937,57.22967433497695,794,45
2026-01-12 11:20:00,11,11.244677218414017,79.02093645876309,640,31
2026-01-12 11:30:00,11,10.87842924418533,60.5252384312829,983,46
2026-01-12 11:40:00,11,10.42568758286951,72.36979869963943,621,37
2026-01-12 11:50:00,11,14.85532345941612,59.57429516594394,678,45
2026-01-12 12:00:00,12,8.542594117127845,65.8111004466093,905,33
2026-01-12 12:10:00,12,11.753699516015404,80.33778856213603,868,54
2026-01-12 12:20:00,12,10.343343982970628,69.87803816601793,790,51
2026-01-12 12:30:00,12,10.578798866188428,67.7478923132895,983,52
2026-01-12 12:40:00,12,9.097837201423825,68.94977332070735,852,49
2026-01-12 12:50:00,12,9.752179013962703,62.220251962124095,939,51
2026-01-12 13:00:00,13,4.341573058922025,76.00439626875132,652,31
2026-01-12 13:10:00,13,5.711731790203982,71.0424280390271,826,44
2026-01-12 13:20:00,13,7.675960079712609,74.97493496505751,789,44
2026-01-12 13:30:00,13,7.899454159947485,71.87505742859923,931,34
2026-01-12 13:40:00,13,6.617900850810567,75.10983096459192,690,45
2026-01-12 13:50:00,13,4.4873530471245315,69.626203315165,716,49
2026-01-12 14:00:00,14,3.755690897298341,79.32623942827348,604,58
2026-01-12 14:10:00,14,3.0261437997890526,84.97873499539676,985,53
2026-01-12 14:20:00,14,4.605329960181811,73.50504610835131,934,38
2026-01-12 14:30:00,14,5.580247614974354,81.03748664725923,738,56
2026-01-12 14:40:00,14,5.542738197878203,68.88691749581076,661,30
2026-01-12 14:50:00,14,9.689097645052698,72.20420533634086,801,56
2026-01-12 15:00:00,15,0.9700423579553041,76.074590904297,619,54
2026-01-12 15:10:00,15,2.214241191179366,84.0145659869223,846,41
2026-01-12 15:20:00,15,0.9337353249046936,72.86042002508971,843,47
2026-01-12 15:30:00,15,3.8818763501511135,78.25500614573254,994,48
2026-01-12 15:40:00,15,1.2411062667527761,68.38449088419324,811,43
2026-01-12 15:50:00,15,3.2665387770713092,76.70491211071267,741,46
2026-01-12 16:00:00,16,1.5547245298889263,86.82487789933121,829,56
2026-01-12 16:10:00,16,0.5428616188989515,77.74510898448212,613,43
2026-01-12 16:20:00,16,1.4722320049892723,92.61595108239278,943,53
2026-01-12 16:30:00,16,0.413429805490664,77.36238035588929,652,32
2026-01-12 16:40:00,16,0.23406469974603672,80.70039109579993,627,30
2026-01-12 16:50:00,16,1.0016050310179736,85.03732102738502,852,49
2026-01-12 17:00:00,17,-0.8034158795133364,76.03752847753164,822,77
2026-01-12 17:10:00,17,0.6624650869907291,77.96353838678628,881,64
2026-01-12 17:20:00,17,-1.4588765138592057,76.40815522167595,795,82
2026-01-12 17:30:00,17,1.0600837414096649,82.50388517019239,972,71
2026-01-12 17:40:00,17,0.09271057752683609,80.95764621764862,714,64
2026-01-12 17:50:00,17,0.5018666864669425,69.15723253932379,824,61
2026-01-12 18:00:00,18,1.3867608159132752,81.94321671655649,791,81
2026-01-12 18:10:00,18,0.12031739996877441,84.17779845152525,676,80
2026-01-12 18:20:00,18,-0.10217431368009111,81.07637473907582,858,70
2026-01-12 18:30:00,18,2.4144385421681545,77.47989386901621,949,88
2026-01-12 18:40:00,18,-3.102852033883388,72.19725007627864,755,87
2026-01-12 18:50:00,18,0.45237468094945943,81.85795047881273,856,87
2026-01-12 19:00:00,19,2.9149505895590018,80.12236360805079,134,88
2026-01-12 19:10:00,19,0.5490451671381331,75.07000360051191,153,62
2026-01-12 19:20:00,19,-0.9708909234412617,84.04292558475034,186,79
2026-01-12 19:30:00,19,1.6120076188709196,75.89734832992669,32,71
2026-01-12 19:40:00,19,0.7160004270986139,81.72192492868189,18,79
2026-01-12 19:50:00,19,0.024210707502083983,72.46399517206241,7,65
2026-01-12 20:00:00,20,1.1703470200805375,85.70260243606668,156,36
2026-01-12 20:10:00,20,2.9824654798048043,73.56117704111018,108,45
2026-01-12 20:20:00,20,0.003687769754024517,76.76003907319438,196,39
2026-01-12 20:30:00,20,-0.6952732946391817,76.93434621312588,183,47
2026-01-12 20:40:00,20,1.825201255411309,73.26133932446385,84,45
2026-01-12 20:50:00,20,1.2683964388361564,72.70823888678505,81,42
2026-01-12 21:00:00,21,2.5257991167471863,75.3334294895962,171,47
2026-01-12 21:10:00,21,2.706302678039889,72.98834874029366,67,33
2026-01-12 21:20:00,21,5.59319124153121,79.37940729773656,94,40
2026-01-12 21:30:00,21,2.635499325637498,69.03630984306447,71,34
2026-01-12 21:40:00,21,1.3227075498239214,67.97995593158993,1,44
2026-01-12 21:50:00,21,3.2420907562416055,70.48801698444674,197,55
2026-01-12 22:00:00,22,4.761954156940681,87.66981609352055,197,30
2026-01-12 22:10:00,22,6.626253636707338,74.91930476794724,46,49
2026-01-12 22:20:00,22,3.379752279757204,76.05536966134994,148,32
2026-01-12 22:30:00,22,5.482202947831849,85.43007727767962,64,47
2026-01-12 22:40:00,22,2.9628710846956308,66.37309586780253,128,34
2026-01-12 22:50:00,22,3.8893862658963307,75.72138680192897,195,33
2026-01-12 23:00:00,23,7.041428861662121,70.00761081504204,79,39
2026-01-12 23:10:00,23,7.983026101876902,71.63708100880852,167,36
2026-01-12 23:20:00,23,8.91537221511911,79.377226744758,106,39
2026-01-12 23:30:00,23,10.221222472224786,79.69260095525155,140,58
2026-01-12 23:40:00,23,3.747233464335291,77.92656920935896,76,50
2026-01-12 23:50:00,23,7.171220786319711,66.62285282827831,55,51
2026-01-13 00:00:00,0,9.427774494252533,74.42754213852926,6,49
2026-01-13 00:10:00,0,9.979558114977877,67.99314232967279,148,45
2026-01-13 00:20:00,0,10.04571998920243,65.33579495464713,141,33
2026-01-13 00:30:00,0,8.817727837492257,66.4258015259653,166,34
2026-01-13 00:40:00,0,12.01818346618765,73.14842489293649,140,59
2026-01-13 00:50:00,0,9.094394212217948,67.77650383830326,41,59
2026-01-13 01:00:00,1,12.762671691521149,62.72150705049572,160,48
2026-01-13 01:10:00,1,13.046549941819721,70.79929430349515,54,48
2026-01-13 01:20:00,1,13.287259643685664,68.18670315401319,160,45
2026-01-13 01:30:00,1,13.456787108870666,78.27911390444237,30,39
2026-01-13 01:40:00,1,10.575442410679818,73.50918440639846,95,57
2026-01-13 01:50:00,1,12.974925379595033,73.54644499675241,43,55
2026-01-13 02:00:00,2,14.986263172160044,55.26643676132097,106,31
2026-01-13 02:10:00,2,15.429762526801884,66.1945978943939,145,41
2026-01-13 02:20:00,2,18.125436961620164,67.8020540370059,86,37
2026-01-13 02:30:00,2,18.643633115736886,69.44625421478176,105,57
2026-01-13 02:40:00,2,14.459384088521766,62.33683760276052,17,42
2026-01-13 02:50:00,2,15.708469856886113,58.58252705723114,6,55
2026-01-13 03:00:00,3,18.19200466193527,59.46260806087086,99,58
2026-01-13 03:10:00,3,18.549468465350863,61.72514937735942,126,33
2026-01-13 03:20:00,3,17.588962241002346,60.04495768719265,122,31
2026-01-13 03:30:00,3,18.92720592656417,53.9798719063162,38,49
2026-01-13 03:40:00,3,15.918753880801248,72.1707647294864,93,38
2026-01-13 03:50:00,3,14.76950646035895,55.34319754833313,29,40
2026-01-13 04:00:00,4,17.26625553620341,61.303810026408634,148,36
2026-01-13 04:10:00,4,19.062067041123047,61.46872502399356,43,42
2026-01-13 04:20:00,4,19.913341123427795,49.52218884252204,43,49
2026-01-13 04:30:00,4,20.891657210829138,47.08370093092862,20,39
2026-01-13 04:40:00,4,19.96993127149534,64.00980473746637,46,53
2026-01-13 04:50:00,4,18.56336803490565,66.40325355562598,88,57
2026-01-13 05:00:00,5,20.341616942374717,51.7792096661653,163,55
2026-01-13 05:10:00,5,20.289120727652207,54.98272312184248,43,55
2026-01-13 05:20:00,5,19.92043712088405,56.33129044128552,0,51
2026-01-13 05:30:00,5,19.04801588250609,65.99446599648223,75,52
2026-01-13 05:40:00,5,20.445485722302784,60.83038947754385,57,31
2026-01-13 05:50:00,5,19.263252483355167,49.385292745572684,196,32
2026-01-13 06:00:00,6,20.3208593060138,60.12500794650538,683,52
2026-01-13 06:10:00,6,22.323345898708723,67.51441559817775,631,46
2026-01-13 06:20:00,6,16.454643976521563,64.0949785619474,873,59
2026-01-13 06:30:00,6,18.625109970149254,62.73441844826308,963,50
2026-01-13 06:40:00,6,19.20193512305081,60.673086622675285,637,53
2026-01-13 06:50:00,6,18.945189984144104,54.98125959021522,790,45
2026-01-13 07:00:00,7,19.41622514407362,61.39481615409842,748,61
2026-01-13 07:10:00,7,20.170584913938647,65.500602362396,877,87
2026-01-13 07:20:00,7,18.504081876638296,75.61078098917744,890,83
2026-01-13 07:30:00,7,21.80626358470593,62.94603535914667,621,79
2026-01-13 07:40:00,7,18.617409865977223,58.41101345887492,824,76
2026-01-13 07:50:00,7,21.385508914343838,55.82689560588871,637,71
2026-01-13 08:00:00,8,18.79746137504956,69.57386296234482,650,81
2026-01-13 08:10:00,8,17.826444101527496,67.27960077898705,642,89
2026-01-13 08:20:00,8,19.307998371972147,58.97339661972763,689,73
2026-01-13 08:30:00,8,16.316627659325228,69.58723450539327,691,74
2026-01-13 08:40:00,8,18.879882017493838,50.78199325995863,928,65
2026-01-13 08:50:00,8,20.37280793167071,56.910994176734214,653,85
2026-01-13 09:00:00,9,16.688196633201144,59.23668793896754,876,85
2026-01-13 09:10:00,9,14.718019443287165,67.6328629831551,933,61
2026-01-13 09:20:00,9,15.717158999282754,57.21443472119506,935,77
2026-01-13 09:30:00,9,15.859209574880781,61.31512547928709,725,72
2026-01-13 09:40:00,9,17.152455679345373,68.83994364828884,948,89
2026-01-13 09:50:00,9,16.84403052352535,60.64420648214603,664,71
2026-01-13 10:00:00,10,13.815791379686278,77.47739136098696,646,44
2026-01-13 10:10:00,10,17.451259923238574,60.298939355022725,982,39
2026-01-13 10:20:00,10,14.032479971855508,68.754615625651,808,59
2026-01-13 10:30:00,10,15.509757132900672,65.10193660727556,984,59
2026-01-13 10:40:00,10,12.990672565085084,75.55778272760534,678,51
2026-01-13 10:50:00,10,13.164080506309714,60.187399467527854,801,36
2026-01-13 11:00:00,11,12.503926409958883,70.79562031126326,666,57
2026-01-13 11:10:00,11,12.65202963804309,71.32202536861412,791,34
2026-01-13 11:20:00,11,14.21987768785924,70.73099508068087,668,39
2026-01-13 11:30:00,11,11.463251746721824,67.06173698354108,721,53
2026-01-13 11:40:00,11,12.171541033041542,69.72063755380672,845,47
2026-01-13 11:50:00,11,13.176440352413465,69.58175860446464,782,59
2026-01-13 12:00:00,12,8.073772895704925,70.50788465508926,996,33
2026-01-13 12:10:00,12,11.73481734427192,71.49223046818653,999,48
2026-01-13 12:20:00,12,9.90607176038233,84.51960773062956,894,31
2026-01-13 12:30:00,12,13.167446648227557,72.53099511795912,899,46
2026-01-13 12:40:00,12,10.97910966662954,70.23748951793488,844,58
2026-01-13 12:50:00,12,9.327398401353706,68.6953043066199,826,35
2026-01-13 13:00:00,13,5.815780783329018,68.89373785247976,891,34
2026-01-13 13:10:00,13,7.431355086332635,70.49509975894175,655,46
2026-01-13 13:20:00,13,7.120224498948721,70.3239331655712,644,52
2026-01-13 13:30:00,13,5.417768213115885,72.51826896742017,730,35
2026-01-13 13:40:00,13,6.89605284461079,77.30179743058203,641,57
2026-01-13 13:50:00,13,5.358862425598572,71.81265920874641,708,34
2026-01-13 14:00:00,14,4.101737978660152,74.02674018495684,706,35
2026-01-13 14:10:00,14,4.869315983134772,72.1641077414545,820,30
2026-01-13 14:20:00,14,5.777842763713115,74.58639659639759,697,35
2026-01-13 14:30:00,14,4.599072103070395,83.41729258830517,892,32
2026-01-13 14:40:00,14,3.412100472981136,71.5993750873008,669,42
2026-01-13 14:50:00,14,4.206645779957057,69.9521040015072,995,56
2026-01-13 15:00:00,15,3.1942715647958027,75.77189222137028,807,39
2026-01-13 15:10:00,15,5.479044430583411,78.08556375545808,700,54
2026-01-13 15:20:00,15,4.187997164020123,79.47559598816242,960,42
2026-01-13 15:30:00,15,3.213185357624062,79.75528896417758,651,59
2026-01-13 15:40:00,15,4.539269493621469,83.99812550364993,670,43
2026-01-13 15:50:00,15,4.37878380387429,83.47912897843443,628,54
2026-01-13 16:00:00,16,2.068817977428372,86.20848135931843,625,54
2026-01-13 16:10:00,16,1.5888927090688834,89.77903767706633,880,40
2026-01-13 16:20:00,16,0.2102803346471389,70.60447713680907,959,57
2026-01-13 16:30:00,16,3.173389972108632,81.19057356514759,722,48
2026-01-13 16:40:00,16,-1.4686855808091557,82.79570274168302,676,43
2026-01-13 16:50:00,16,-0.467915592070534,68.21394422551458,761,54
2026-01-13 17:00:00,17,1.4340967672886484,70.57075595618952,746,81
2026-01-13 17:10:00,17,1.1647302509151762,87.19189317617065,905,84
2026-01-13 17:20:00,17,-1.1941827685079158,72.58980446839594,716,70
2026-01-13 17:30:00,17,-0.43099134273889783,83.77620580880964,808,83
2026-01-13 17:40:00,17,-1.4301916859157981,77.6334885399891,941,85
2026-01-13 17:50:00,17,0.7975202143265643,78.74301974338117,916,85
2026-01-13 18:00:00,18,3.156343432248338,80.9556027943355,685,60
2026-01-13 18:10:00,18,0.19414160784335924,88.82235656800172,909,67
2026-01-13 18:20:00,18,-2.11630179938702,79.9296770986713,619,86
2026-01-13 18:30:00,18,0.6074581920968642,79.87813780989623,932,89
2026-01-13 18:40:00,18,-0.8136825480981522,78.8294286949789,673,78
2026-01-13 18:50:00,18,1.1584804361673284,77.83022264818902,642,71
2026-01-13 19:00:00,19,1.276007496225232,76.70129706913411,110,62
2026-01-13 19:10:00,19,2.617925843063637,72.71870285131713,72,88
2026-01-13 19:20:00,19,0.6922420315470126,74.93432139206084,185,84
2026-01-13 19:30:00,19,2.8775301574097614,75.00411282451124,127,87
2026-01-13 19:40:00,19,-0.5111395323143818,82.2419181554659,69,85
2026-01-13 19:50:00,19,-0.7498038173007564,72.90666619535101,43,75
2026-01-13 20:00:00,20,-0.7635900625070131,82.50883333551272,76,42
2026-01-13 20:10:00,20,2.1713948648125827,74.98643714862897,20,40
2026-01-13 20:20:00,20,3.4974151491830447,80.79800574405886,179,56
2026-01-13 20:30:00,20,1.7631149096853276,74.64527260401026,193,32
2026-01-13 20:40:00,20,1.6126261403712456,85.79000713843213,177,49
2026-01-13 20:50:00,20,1.4901484196219605,86.09702579170117,138,56
2026-01-13 21:00:00,21,1.429306594935953,77.23969467500136,139,51
2026-01-13 21:10:00,21,0.6661675643618001,73.06907225773182,30,38
2026-01-13 21:20:00,21,2.1854254727501545,76.29242974045128,93,35
2026-01-13 21:30:00,21,3.8551971843565127,79.22191911291301,193,33
2026-01-13 21:40:00,21,3.771499866663029,80.95719444258786,104,39
2026-01-13 21:50:00,21,0.98492660684556,82.58780767368323,12,50
2026-01-13 22:00:00,22,4.562338174224074,78.46513360607423,148,58
2026-01-13 22:10:00,22,5.02927000056879,67.57354304193541,190,44
2026-01-13 22:20:00,22,3.1630285712503006,69.11701429513893,192,52
2026-01-13 22:30:00,22,5.205706422805152,77.5109086402542,199,40
2026-01-13 22:40:00,22,4.886153292324756,82.49872346390791,181,43
2026-01-13 22:50:00,22,2.9764877329466963,84.30689043542645,77,58
2026-01-13 23:00:00,23,7.4629571276542785,79.67350880509835,157,59
2026-01-13 23:10:00,23,4.317002200494927,69.46051575024593,5,52
2026-01-13 23:20:00,23,7.271877979906489,76.43434942915857,27,33
2026-01-13 23:30:00,23,5.199160957543089,72.21688088185766,198,49
2026-01-13 23:40:00,23,4.497233547160734,67.19140942506137,48,42
2026-01-13 23:50:00,23,8.187771267304745,79.5738680287688,159,58
2026-01-14 00:00:00,0,10.944682482797283,71.96806541445726,146,58
2026-01-14 00:10:00,0,8.505090055144585,65.3735491866412,111,30
2026-01-14 00:20:00,0,11.356553285793353,73.72284683114546,155,53
2026-01-14 00:30:00,0,8.016222333399494,67.51426279806638,126,54
2026-01-14 00:40:00,0,9.952540296109742,72.76698729333428,155,53
2026-01-14 00:50:00,0,5.388334217931985,65.67309714948762,110,47
2026-01-14 01:00:00,1,10.333451812749765,71.11622087373594,82,39
2026-01-14 01:10:00,1,12.650142930580461,63.76446493042303,84,52
2026-01-14 01:20:00,1,13.198883521553775,73.47788100833662,49,30
2026-01-14 01:30:00,1,10.15368937115431,62.437466226842076,53,59
2026-01-14 01:40:00,1,13.28800256910019,60.904828843287184,122,42
2026-01-14 01:50:00,1,14.265325248936026,60.60461326098347,146,55
2026-01-14 02:00:00,2,14.659719770322566,58.2015997622282,154,56
2026-01-14 02:10:00,2,12.040048451114004,65.84978102831317,195,51
2026-01-14 02:20:00,2,14.751664404613539,67.14392687591409,115,51
2026-01-14 02:30:00,2,16.031733603689496,73.26853038635294,146,36
2026-01-14 02:40:00,2,16.87489523474571,62.70434588443194,19,55
2026-01-14 02:50:00,2,12.639394830280871,70.44148063029942,100,31
2026-01-14 03:00:00,3,18.222027721538534,55.774565369647036,174,46
2026-01-14 03:10:00,3,18.69429595179593,60.58765218458273,85,56
2026-01-14 03:20:00,3,14.354350974478386,57.72651541343414,176,45
2026-01-14 03:30:00,3,17.633783502435595,47.92051565453208,81,46
2026-01-14 03:40:00,3,13.908427167325332,69.31835949387732,136,44
2026-01-14 03:50:00,3,18.295347353111573,55.586604143884145,180,42
2026-01-14 04:00:00,4,16.743099018041015,63.94201884751554,10,38
2026-01-14 04:10:00,4,17.4619605323458,65.36831873948373,13,50
2026-01-14 04:20:00,4,18.017485570744917,56.16462552935544,67,55
2026-01-14 04:30:00,4,17.92665817033934,58.10629636322936,71,56
2026-01-14 04:40:00,4,15.596393209314625,63.671196822348,67,57
2026-01-14 04:50:00,4,17.76186917759917,63.84341243039381,152,36
2026-01-14 05:00:00,5,19.079729133918683,56.82034038379237,93,37
2026-01-14 05:10:00,5,21.617637556938778,56.60093740241187,196,42
2026-01-14 05:20:00,5,15.91399281224298,57.908093059096565,118,37
2026-01-14 05:30:00,5,21.91648807624581,65.58900720920947,98,57
2026-01-14 05:40:00,5,19.38766311718835,64.95982026644917,45,44
2026-01-14 05:50:00,5,21.54532791136376,49.94473298483321,159,44
2026-01-14 06:00:00,6,19.448147691940044,64.36844244799501,807,51
2026-01-14 06:10:00,6,20.69200159097393,69.2677403296052,714,58
2026-01-14 06:20:00,6,21.115480836792656,56.43194242137462,798,56
2026-01-14 06:30:00,6,16.41436433837498,61.043034011439154,783,56
2026-01-14 06:40:00,6,20.477733825705805,60.46268981917823,850,52
2026-01-14 06:50:00,6,20.337233789422697,57.80095487007014,819,30
2026-01-14 07:00:00,7,21.33314252088539,64.42235019847938,802,80
2026-01-14 07:10:00,7,19.24664505280652,62.82825329676608,836,65
2026-01-14 07:20:00,7,19.156838593236408,59.143087782117384,935,75
2026-01-14 07:30:00,7,22.271218889624507,55.73468291718954,613,60
2026-01-14 07:40:00,7,18.514093330225805,66.90347979314032,884,79
2026-01-14 07:50:00,7,19.196130785545517,58.586360019110096,746,64
2026-01-14 08:00:00,8,20.57246437389163,63.716484039382884,822,76
2026-01-14 08:10:00,8,16.299573161796616,55.995285808146384,700,77
2026-01-14 08:20:00,8,20.318056362497114,57.85308426026722,813,84
2026-01-14 08:30:00,8,19.951016744040686,67.95436847248828,631,64
2026-01-14 08:40:00,8,13.721568654418641,61.60766347515683,773,81
2026-01-14 08:50:00,8,19.250415763595623,58.14022724801917,795,76
2026-01-14 09:00:00,9,17.290175700043978,59.95049093845941,912,76
2026-01-14 09:10:00,9,17.38828962949925,60.22797355971823,831,64
2026-01-14 09:20:00,9,18.532682601311336,63.69916233733719,764,66
2026-01-14 09:30:00,9,16.88840095221481,61.826980774840685,933,64
2026-01-14 09:40:00,9,20.20671018323894,62.60777581525243,626,86
2026-01-14 09:50:00,9,17.863752460017395,55.5198371135413,947,61
2026-01-14 10:00:00,10,16.952530354545537,63.578806779851064,800,48
2026-01-14 10:10:00,10,12.113491306986475,67.0883421852281,690,44
2026-01-14 10:20:00,10,16.928779954201737,62.61234149922062,780,38
2026-01-14 10:30:00,10,15.89177973100832,70.30909336135828,862,44
2026-01-14 10:40:00,10,17.044389105010012,64.97012356030977,954,51
2026-01-14 10:50:00,10,15.160730987347716,71.26303661176637,825,52
2026-01-14 11:00:00,11,13.079494502513398,59.41345424843641,641,52
2026-01-14 11:10:00,11,12.894239724743343,72.13855459992324,713,55
2026-01-14 11:20:00,11,13.19775652173093,59.207575395153484,727,42
2026-01-14 11:30:00,11,14.175394529909344,62.95985384489782,646,49
2026-01-14 11:40:00,11,12.784124696598083,69.47342442318951,652,55
2026-01-14 11:50:00,11,13.532635939150657,60.258476693792396,706,47
2026-01-14 12:00:00,12,7.040728414559329,71.02889980969375,878,33
2026-01-14 12:10:00,12,11.021918409011725,66.63631874862713,666,34
2026-01-14 12:20:00,12,11.399372583206619,76.24204231716202,685,52
2026-01-14 12:30:00,12,10.320102992999814,59.39889702253467,864,31
2026-01-14 12:40:00,12,13.580271005690193,74.58935236003273,799,51
2026-01-14 12:50:00,12,7.941691976214534,71.20916620879616,749,38
2026-01-14 13:00:00,13,8.855590654218254,65.39604356410435,947,58
2026-01-14 13:10:00,13,8.843736309760843,69.40979029276889,663,40
2026-01-14 13:20:00,13,5.711539901134863,72.99539666964212,949,40
2026-01-14 13:30:00,13,5.71222140372573,67.52512974072083,942,53
2026-01-14 13:40:00,13,4.757059128115364,70.76846070177764,644,47
2026-01-14 13:50:00,13,7.456432925135621,65.1508582387976,631,56
2026-01-14 14:00:00,14,5.671064533221973,80.50243871076674,713,42
2026-01-14 14:10:00,14,7.899874161416431,83.89284448320214,714,55
2026-01-14 14:20:00,14,5.794802488985253,79.70586910142924,746,49
2026-01-14 14:30:00,14,7.472956009238974,75.5674694753939,974,47
2026-01-14 14:40:00,14,7.908883201523652,79.2296629088112,729,48
2026-01-14 14:50:00,14,5.542228395706275,78.67428414715829,789,53
2026-01-14 15:00:00,15,2.139828261422224,77.44706600903432,838,50
2026-01-14 15:10:00,15,3.387472510991292,84.76148884504971,722,34
2026-01-14 15:20:00,15,4.250551403794146,71.29498823594092,620,50
2026-01-14 15:30:00,15,1.588293950362785,75.36070245629121,886,34
2026-01-14 15:40:00,15,4.820212683810815,79.5914521586841,615,59
2026-01-14 15:50:00,15,-1.1545777635653227,79.55795864086484,858,57
2026-01-14 16:00:00,16,1.1130181453362935,79.53917691181864,707,38
2026-01-14 16:10:00,16,2.068464937660834,84.71561536936389,764,38
2026-01-14 16:20:00,16,-0.0039686735574337995,70.64596984824391,996,53
2026-01-14 16:30:00,16,0.6397928803073624,73.82747477202733,826,31
2026-01-14 16:40:00,16,2.1584650808099255,75.63146025889029,878,36
2026-01-14 16:50:00,16,0.5177587277731022,80.77961899688908,912,53
2026-01-14 17:00:00,17,2.466753683677746,78.65031385641963,898,65
2026-01-14 17:10:00,17,0.4495816051140903,82.69964545261732,770,78
2026-01-14 17:20:00,17,-0.19203440009833672,72.27105249966723,787,76
2026-01-14 17:30:00,17,0.14920676753512113,87.39627723867648,970,86
2026-01-14 17:40:00,17,1.7991742794644945,84.72231415861103,899,86
2026-01-14 17:50:00,17,2.372664751272468,70.89028678069914,682,88
2026-01-14 18:00:00,18,0.839573924810904,92.37775492516788,632,83
2026-01-14 18:10:00,18,3.563614901086998,79.67433290566204,979,67
2026-01-14 18:20:00,18,1.1814834438161466,84.74668840595226,776,64
2026-01-14 18:30:00,18,0.7324983685175206,75.74223240111522,738,85
2026-01-14 18:40:00,18,-1.3700257769826496,81.20574432217039,707,87
2026-01-14 18:50:00,18,4.079855322478332,71.70044832717895,850,61
2026-01-14 19:00:00,19,-1.5811179528577612,82.10257553275805,156,61
2026-01-14 19:10:00,19,1.6524115623908613,77.07343599221862,182,60
2026-01-14 19:20:00,19,0.25429901887469025,83.95736476405907,154,73
2026-01-14 19:30:00,19,-1.3766808522794975,80.47837141733388,170,75
2026-01-14 19:40:00,19,0.24724457101926883,80.65229194503705,92,63
2026-01-14 19:50:00,19,-0.5507912668128627,75.53197753254165,158,87
2026-01-14 20:00:00,20,0.816919217853022,73.57176105286129,166,52
2026-01-14 20:10:00,20,1.9791493924560593,85.84894025104438,190,44
2026-01-14 20:20:00,20,-3.427631430193066,78.18940250004246,80,44
2026-01-14 20:30:00,20,1.8909059290270303,81.59134449208325,69,50
2026-01-14 20:40:00,20,4.473343460090415,89.79508513447735,8,58
2026-01-14 20:50:00,20,0.31590316178068334,74.97161599175772,158,35
2026-01-14 21:00:00,21,3.3978903722013034,83.39554063791957,152,58
2026-01-14 21:10:00,21,3.0532312600528293,76.56977237719803,44,50
2026-01-14 21:20:00,21,1.0545040571149003,81.12667230345635,34,31
2026-01-14 21:30:00,21,3.6196458467756445,73.99061851599397,198,40
2026-01-14 21:40:00,21,1.5993776859567883,80.2617868529165,34,59
2026-01-14 21:50:00,21,3.14594623583248,69.78254782336379,147,45
2026-01-14 22:00:00,22,2.520236792998141,74.07366495268805,195,33
2026-01-14 22:10:00,22,3.797301438681063,82.0293096283868,19,35
2026-01-14 22:20:00,22,2.6588351564771804,73.0671487700832,136,46
2026-01-14 22:30:00,22,5.950243263876911,80.97694546134142,187,59
2026-01-14 22:40:00,22,3.464455379981904,73.34839840516497,71,30
2026-01-14 22:50:00,22,3.387782376708043,84.91833182322593,34,34
2026-01-14 23:00:00,23,6.691493503384444,67.16953972698614,51,56
2026-01-14 23:10:00,23,6.470158329822357,77.34499869435317,178,48
2026-01-14 23:20:00,23,8.473737465342696,69.48156694794955,108,34
2026-01-14 23:30:00,23,8.87537445303608,80.58882375190686,182,41
2026-01-14 23:40:00,23,7.006791768202663,66.75132751252916,49,39
2026-01-14 23:50:00,23,7.4276913099812845,74.4663507780679,53,41
2026-01-15 00:00:00,0,11.23771213892719,71.07018148960108,81,41
2026-01-15 00:10:00,0,9.230333624268727,64.82603830746194,19,41
2026-01-15 00:20:00,0,7.953630587644663,74.73533044237344,3,41
2026-01-15 00:30:00,0,11.089573746404048,68.07012607997673,9,37
2026-01-15 00:40:00,0,11.122179299261559,74.31815579757496,197,37
2026-01-15 00:50:00,0,7.405318775022227,75.47654599006839,43,52
2026-01-15 01:00:00,1,9.850159420992942,73.36209552682456,162,31
2026-01-15 01:10:00,1,13.365110232642555,76.90342540598934,17,56
2026-01-15 01:20:00,1,14.099269021428341,68.0469750345412,102,58
2026-01-15 01:30:00,1,11.717334354162862,74.58997782265266,139,56
2026-01-15 01:40:00,1,11.938046248096102,62.245603561412295,197,39
2026-01-15 01:50:00,1,13.337952408035523,70.97289784195763,133,53
2026-01-15 02:00:00,2,15.89690655279594,68.7119842363572,33,50
2026-01-15 02:10:00,2,15.188535657543541,67.49016021313865,70,48
2026-01-15 02:20:00,2,12.103820102247113,66.71526171214812,177,32
2026-01-15 02:30:00,2,14.31465350549736,65.95791020284327,151,40
2026-01-15 02:40:00,2,13.598391029116254,65.46583495290928,118,47
2026-01-15 02:50:00,2,14.023812353397815,64.79537454034516,69,51
2026-01-15 03:00:00,3,14.903214110820189,62.08348015775633,151,36
2026-01-15 03:10:00,3,16.232745604305837,64.35758395197483,149,32
2026-01-15 03:20:00,3,18.738471640491703,63.43911075599819,99,56
2026-01-15 03:30:00,3,19.252466373847316,70.32690455374328,95,42
2026-01-15 03:40:00,3,17.033333407981054,65.72859586147669,20,42
2026-01-15 03:50:00,3,15.353143334918757,60.007918890487744,83,58
2026-01-15 04:00:00,4,18.486678530963065,58.44387760581975,47,40
2026-01-15 04:10:00,4,21.15730341464683,73.90616766160518,181,42
2026-01-15 04:20:00,4,17.086250924118584,63.179766984054055,104,42
2026-01-15 04:30:00,4,16.7953185732203,63.80222036945566,55,40
2026-01-15 04:40:00,4,18.304150830303083,63.56445682013307,45,43
2026-01-15 04:50:00,4,19.447351233993054,60.68189596822181,91,46
2026-01-15 05:00:00,5,19.83462878850091,62.81056760386147,46,37
2026-01-15 05:10:00,5,19.09398920091692,55.29559502116038,146,44
2026-01-15 05:20:00,5,20.673110161642676,52.199654080172294,22,30
2026-01-15 05:30:00,5,18.61089117656101,54.598251492545465,191,44
2026-01-15 05:40:00,5,19.1196248686561,56.63623565460941,55,31
2026-01-15 05:50:00,5,21.91672336012558,58.21105210518301,144,31
2026-01-15 06:00:00,6,18.541714201640932,53.72982605452723,776,52
2026-01-15 06:10:00,6,19.38712440299366,68.38810734905752,975,45
2026-01-15 06:20:00,6,21.35583100202659,55.39961437977955,891,59
2026-01-15 06:30:00,6,18.981273769334045,60.070792751070755,863,42
2026-01-15 06:40:00,6,18.006590574069516,60.8552515909421,988,32
2026-01-15 06:50:00,6,18.86904652776283,56.18759946180159,947,55
2026-01-15 07:00:00,7,21.605399449456215,65.14597614565609,798,78
2026-01-15 07:10:00,7,20.559174358742503,56.90677316065445,911,84
2026-01-15 07:20:00,7,17.74325713088974,61.149521410239934,726,87
2026-01-15 07:30:00,7,21.009408614850692,55.67171957467512,684,74
2026-01-15 07:40:00,7,20.014748431031684,56.55800018519539,901,86
2026-01-15 07:50:00,7,23.18873962382324,66.09541025247246,727,60
2026-01-15 08:00:00,8,18.459085536836053,66.62696831584834,976,82
2026-01-15 08:10:00,8,22.056984774756856,46.43397048944496,803,65
2026-01-15 08:20:00,8,17.031288526652553,67.1215449075326,610,72
2026-01-15 08:30:00,8,18.729751846474695,62.79693992548234,929,77
2026-01-15 08:40:00,8,21.8373750650636,64.30326809818264,823,78
2026-01-15 08:50:00,8,16.100114185646557,64.04111293412791,923,66
2026-01-15 09:00:00,9,15.940075296646514,70.55679297759403,737,75
2026-01-15 09:10:00,9,16.979199898358655,69.62099069277723,979,66
2026-01-15 09:20:00,9,16.000868769525486,59.95123683655194,692,83
2026-01-15 09:30:00,9,14.234016544340605,64.62246079704516,997,74
2026-01-15 09:40:00,9,16.821165448782427,57.51298287957232,603,84
2026-01-15 09:50:00,9,17.461446621649976,66.41667961503512,659,72
2026-01-15 10:00:00,10,14.734152167740351,67.8494396032268,621,34
2026-01-15 10:10:00,10,15.453674590228909,56.954330231037254,974,52
2026-01-15 10:20:00,10,12.095089562650656,61.58504036164843,642,30
2026-01-15 10:30:00,10,16.88734879902661,70.03853837481203,749,42
2026-01-15 10:40:00,10,13.272950581101968,64.11832443487982,659,56
2026-01-15 10:50:00,10,14.139823801120915,58.873783057034125,632,33
2026-01-15 11:00:00,11,14.878295401946163,57.36880924945397,835,34
2026-01-15 11:10:00,11,12.610826881359811,65.6905362607397,980,38
2026-01-15 11:20:00,11,10.949375064486304,73.21004620744922,669,36
2026-01-15 11:30:00,11,14.218003380419198,66.74562591611681,959,38
2026-01-15 11:40:00,11,12.190696591129562,69.80464592794702,817,30
2026-01-15 11:50:00,11,11.10456502693068,64.11515232439284,915,43
2026-01-15 12:00:00,12,11.029542262455765,72.6829903630443,843,43
2026-01-15 12:10:00,12,11.398264561155496,63.211974541047454,967,33
2026-01-15 12:20:00,12,9.87597919014777,77.02018980995709,824,57
2026-01-15 12:30:00,12,9.184076993086997,72.84548006165463,790,52
2026-01-15 12:40:00,12,8.322498271853267,65.84168858272514,858,56
2026-01-15 12:50:00,12,9.392648382421983,58.87383854087875,752,47
2026-01-15 13:00:00,13,8.337801028359305,72.5856460818796,672,43
2026-01-15 13:10:00,13,7.141758644411477,74.65636114768745,922,37
2026-01-15 13:20:00,13,7.792717388498004,68.60104336581301,684,35
2026-01-15 13:30:00,13,6.2583530163673835,71.80441663890808,829,48
2026-01-15 13:40:00,13,8.663650060957966,67.79438684112831,870,55
2026-01-15 13:50:00,13,6.552716856228356,67.74476915242705,911,30
2026-01-15 14:00:00,14,4.372772155140105,66.35528376255694,877,51
2026-01-15 14:10:00,14,4.577926314781255,72.01391117363524,702,38
2026-01-15 14:20:00,14,3.4416153688576907,72.22537864296068,600,34
2026-01-15 14:30:00,14,3.1278325098435382,78.31916964456792,606,41
2026-01-15 14:40:00,14,7.552178237625613,74.7712112080602,757,32
2026-01-15 14:50:00,14,4.736579373887842,70.00388359611206,774,53
2026-01-15 15:00:00,15,3.8842045115772796,76.2251458629362,943,47
2026-01-15 15:10:00,15,3.715944239583204,73.30316555211833,613,45
2026-01-15 15:20:00,15,3.307291497211705,76.5605923774329,783,35
2026-01-15 15:30:00,15,2.233567127412488,81.73664715974861,723,46
2026-01-15 15:40:00,15,1.5629955367660067,83.23972653473638,915,39
2026-01-15 15:50:00,15,2.506322526913211,74.95199027969986,839,48
2026-01-15 16:00:00,16,2.6560371010799106,76.89209451787951,962,32
2026-01-15 16:10:00,16,2.197242709019606,74.71297155147863,746,57
2026-01-15 16:20:00,16,-0.7791619335684694,82.18448147576157,855,47
2026-01-15 16:30:00,16,1.3685252682257838,81.01226849672486,739,57
2026-01-15 16:40:00,16,2.4445710220565733,78.91132488149397,891,53
2026-01-15 16:50:00,16,1.6924883311840424,82.99626737140807,833,30
2026-01-15 17:00:00,17,1.1496940906044741,83.04447871116157,975,88
2026-01-15 17:10:00,17,1.9341649394945313,87.26266517876704,782,64
2026-01-15 17:20:00,17,0.22521846663316922,88.5141028936117,645,62
2026-01-15 17:30:00,17,0.5267139443876019,77.02892445364058,759,62
2026-01-15 17:40:00,17,0.09962734513027721,71.778726824669,883,86
2026-01-15 17:50:00,17,1.8147689969786955,78.78121601059439,612,79
2026-01-15 18:00:00,18,-1.951780257526981,86.18798759819013,963,66
2026-01-15 18:10:00,18,1.4045000358536002,86.60727482513153,757,61
2026-01-15 18:20:00,18,0.9773203920673561,80.13076976632745,666,64
2026-01-15 18:30:00,18,0.6640451574913186,79.74239542951706,930,60
2026-01-15 18:40:00,18,-1.4150265171011116,74.14062656184323,760,63
2026-01-15 18:50:00,18,-0.8467338059590341,82.64029799286064,925,60
2026-01-15 19:00:00,19,1.5667342627540757,72.39386095582843,11,77
2026-01-15 19:10:00,19,-3.634718233530679,83.91270246895589,45,75
2026-01-15 19:20:00,19,-0.03154073116269701,72.64920381919384,141,71
2026-01-15 19:30:00,19,0.17266666205196243,66.09729052647408,7,65
2026-01-15 19:40:00,19,0.7414012158230897,82.06603967425444,176,86
2026-01-15 19:50:00,19,0.14796591619930266,79.82234612823652,137,71
2026-01-15 20:00:00,20,0.3066213920953378,78.48924734199423,173,37
2026-01-15 20:10:00,20,4.016473126374571,82.06215182512634,35,44
2026-01-15 20:20:00,20,0.8209495075028304,80.09179302200906,35,52
2026-01-15 20:30:00,20,-0.8567838541047701,81.10700852575745,96,44
2026-01-15 20:40:00,20,1.5251417521748514,86.46079684409922,75,37
2026-01-15 20:50:00,20,0.2498318715919221,87.60828163021785,173,56
2026-01-15 21:00:00,21,0.36136543428157797,79.20813460329744,131,35
2026-01-15 21:10:00,21,2.2720075161627418,74.84918326965264,67,34
2026-01-15 21:20:00,21,4.768215650841486,80.52671271633457,58,51
2026-01-15 21:30:00,21,2.5364285254369374,80.11309444127755,54,32
2026-01-15 21:40:00,21,3.0996474096262228,82.85456417506616,153,39
2026-01-15 21:50:00,21,2.987677997896341,77.5367697936725,97,59
2026-01-15 22:00:00,22,7.099064095267836,73.70894929720009,50,37
2026-01-15 22:10:00,22,3.037111796035716,74.56191787609104,81,56
2026-01-15 22:20:00,22,1.5761976365403552,78.7736871323027,9,53
2026-01-15 22:30:00,22,5.043874733957899,76.50537171285916,193,43
2026-01-15 22:40:00,22,2.1615546200800795,75.03204392453392,103,31
2026-01-15 22:50:00,22,3.6267427023711254,68.594232652991,102,58
2026-01-15 23:00:00,23,7.465940048209395,74.91365818465938,77,55
2026-01-15 23:10:00,23,7.3654727761725365,74.29669482629723,21,49
2026-01-15 23:20:00,23,7.8110720655802135,72.26764054772148,172,58
2026-01-15 23:30:00,23,6.841212816002295,61.205548631771286,198,36
2026-01-15 23:40:00,23,6.996688278558988,71.80613238491675,67,31
2026-01-15 23:50:00,23,7.994842826296923,67.20195708549859,88,43
2026-01-16 00:00:00,0,13.641581484280849,70.25402950193255,158,59
2026-01-16 00:10:00,0,10.256487342177886,61.95022650100057,110,55
2026-01-16 00:20:00,0,10.133734423978124,61.386307595117195,23,55
2026-01-16 00:30:00,0,9.680814388540325,67.06142718277161,8,47
2026-01-16 00:40:00,0,12.008078229549099,66.70328390479926,8,46
2026-01-16 00:50:00,0,9.655440346984209,60.894463044577485,118,53
2026-01-16 01:00:00,1,13.054159770689843,64.37841679524236,56,51
2026-01-16 01:10:00,1,10.287864024353587,69.57289548827202,54,50
2026-01-16 01:20:00,1,12.737941583326048,78.64291505463079,179,30
2026-01-16 01:30:00,1,11.346628549331506,64.38210369320844,2,55
2026-01-16 01:40:00,1,11.522927212133027,72.79527442816389,158,56
2026-01-16 01:50:00,1,11.861081633125115,63.442880759356186,119,34
2026-01-16 02:00:00,2,14.178921321427728,59.064214090847855,176,58
2026-01-16 02:10:00,2,15.67486487106792,57.53269208115377,24,46
2026-01-16 02:20:00,2,14.736219279872575,60.705231871184026,165,57
2026-01-16 02:30:00,2,15.331714160479297,67.65071670968797,166,36
2026-01-16 02:40:00,2,15.344155124979375,68.42601862309805,70,43
2026-01-16 02:50:00,2,13.626081434157388,58.7072118168633,38,53
2026-01-16 03:00:00,3,16.83845671121196,71.02314515037997,134,55
2026-01-16 03:10:00,3,15.083868603918576,77.57317295441435,44,42
2026-01-16 03:20:00,3,16.56290801769717,60.921635489892196,183,35
2026-01-16 03:30:00,3,17.786066771559256,64.14743584429867,43,58
2026-01-16 03:40:00,3,18.56199984907935,70.45042427990285,42,58
2026-01-16 03:50:00,3,18.80161504801743,53.44737777197422,162,44
2026-01-16 04:00:00,4,19.259965131580937,63.65536822800855,43,48
2026-01-16 04:10:00,4,15.50535455744269,61.084717466819,29,43
2026-01-16 04:20:00,4,18.705017772834562,63.94345243071723,78,31
2026-01-16 04:30:00,4,19.073881076278557,69.83273306446695,26,53
2026-01-16 04:40:00,4,16.505524255258827,62.17544236982489,101,55
2026-01-16 04:50:00,4,20.010038973594007,70.44752793802341,181,36
2026-01-16 05:00:00,5,19.703854591700694,58.770794789639766,42,30
2026-01-16 05:10:00,5,18.393437514205324,65.83085525658906,106,54
2026-01-16 05:20:00,5,23.468582071199087,69.07894662408074,50,46
2026-01-16 05:30:00,5,21.478324005724534,59.70878527021374,83,39
2026-01-16 05:40:00,5,16.93738216056549,58.32277489344573,141,54
2026-01-16 05:50:00,5,20.05202430980956,56.654149421647006,58,36
2026-01-16 06:00:00,6,19.999900146360297,58.965818098043904,871,33
2026-01-16 06:10:00,6,20.78734310651461,60.486480073574356,882,32
2026-01-16 06:20:00,6,18.766144575377325,63.86484326822344,835,33
2026-01-16 06:30:00,6,20.23386360775904,64.39517172124462,700,51
2026-01-16 06:40:00,6,17.932986200189383,59.63675519421137,832,46
2026-01-16 06:50:00,6,20.243196458951783,62.18457530206453,624,42
2026-01-16 07:00:00,7,20.222507939394852,64.75701065982656,705,76
2026-01-16 07:10:00,7,20.116663056403837,60.60808828421367,863,81
2026-01-16 07:20:00,7,18.355968599161745,64.27821858716524,866,83
2026-01-16 07:30:00,7,20.073418053278253,57.60380658704523,798,68
2026-01-16 07:40:00,7,21.622210887342472,65.92435350782455,795,70
2026-01-16 07:50:00,7,21.84516263212229,65.07151308680218,650,72
2026-01-16 08:00:00,8,17.411660689747475,60.22555895263367,698,76
2026-01-16 08:10:00,8,17.294650111033437,59.38644162287251,882,72
2026-01-16 08:20:00,8,19.74334074602546,67.071530053827,925,65
2026-01-16 08:30:00,8,19.261183431937674,72.18574690797433,893,74
2026-01-16 08:40:00,8,18.592356209612408,54.38885002229425,740,88
2026-01-16 08:50:00,8,16.87492640254503,63.82032408316321,668,70
2026-01-16 09:00:00,9,18.118415568162334,55.2460649280287,876,69
2026-01-16 09:10:00,9,15.760984790915696,60.30398543190544,922,86
2026-01-16 09:20:00,9,17.392070658860977,63.469627617427136,612,70
2026-01-16 09:30:00,9,16.356366289152756,57.250588255193634,603,60
2026-01-16 09:40:00,9,15.484596771741424,63.403943814155326,822,78
2026-01-16 09:50:00,9,17.162026988479916,61.35704357858388,992,89
2026-01-16 10:00:00,10,14.427913980176314,69.48652428574529,686,45
2026-01-16 10:10:00,10,16.92488944071785,58.44989000490909,794,48
2026-01-16 10:20:00,10,11.703064677349683,56.77989546503967,753,43
2026-01-16 10:30:00,10,11.77576598077569,72.7801696740769,985,35
2026-01-16 10:40:00,10,15.124418835326386,69.6678644742042,737,51
2026-01-16 10:50:00,10,14.579481099685603,63.75618481946073,626,50
2026-01-16 11:00:00,11,12.834605029065813,57.18497630422044,720,48
2026-01-16 11:10:00,11,11.616669624766953,70.582584004744,706,31
2026-01-16 11:20:00,11,12.20532552386411,75.62269171800405,796,42
2026-01-16 11:30:00,11,16.097932057391063,54.20492654532357,997,37
2026-01-16 11:40:00,11,10.446219420586136,64.58931384753286,814,59
2026-01-16 11:50:00,11,9.765275862609093,70.5206216524629,812,57
2026-01-16 12:00:00,12,9.54178023306526,76.21503962601184,975,42
2026-01-16 12:10:00,12,9.773749887392562,71.61706036698406,991,35
2026-01-16 12:20:00,12,9.371497621624469,63.781375163720966,911,59
2026-01-16 12:30:00,12,10.58734186148536,68.65729622022077,747,31
2026-01-16 12:40:00,12,11.235150935640359,69.33145929611658,637,36
2026-01-16 12:50:00,12,9.256836470138119,65.72569350890096,868,57
2026-01-16 13:00:00,13,7.530038358062442,68.36878943316522,795,55
2026-01-16 13:10:00,13,6.941382704528917,78.37851153994936,767,51
2026-01-16 13:20:00,13,6.925092237897268,69.17083361553075,660,50
2026-01-16 13:30:00,13,7.966048183586711,68.09568389397262,618,40
2026-01-16 13:40:00,13,7.812603343849536,80.65517488289247,684,53
2026-01-16 13:50:00,13,7.970442459318144,72.51051362848433,992,44
2026-01-16 14:00:00,14,3.2776009220346483,71.83827580668557,665,38
2026-01-16 14:10:00,14,4.100941580240796,85.90450188236352,668,30
2026-01-16 14:20:00,14,8.37302139611937,68.67683614577156,826,35
2026-01-16 14:30:00,14,4.454234062561621,80.5907517703815,700,32
2026-01-16 14:40:00,14,3.9884862380244908,75.27979333097876,622,59
2026-01-16 14:50:00,14,1.2882844628473968,78.64429243934204,829,54
2026-01-16 15:00:00,15,-0.6251580355479494,64.99876210426791,733,37
2026-01-16 15:10:00,15,5.359195847731412,81.29759340460825,660,37
2026-01-16 15:20:00,15,1.4675710763577443,82.43633617305505,607,40
2026-01-16 15:30:00,15,4.078679922453574,74.7441287581611,953,54
2026-01-16 15:40:00,15,3.6300805266218883,82.21052181109627,794,43
2026-01-16 15:50:00,15,1.5424285212705255,75.09027828914391,860,36
2026-01-16 16:00:00,16,0.689684762445078,67.80056786697965,751,33
2026-01-16 16:10:00,16,3.286775712271413,72.7525812450399,728,50
2026-01-16 16:20:00,16,-1.3596550910279004,72.12574741971741,772,34
2026-01-16 16:30:00,16,-2.3236612707316704,85.69173434985736,655,53
2026-01-16 16:40:00,16,1.887960681458109,70.31161185568226,877,49
2026-01-16 16:50:00,16,0.7167151442683026,72.52649712473912,679,45
2026-01-16 17:00:00,17,0.46832425435944797,78.33149855562573,830,83
2026-01-16 17:10:00,17,2.030356288653244,79.8275952414509,985,80
2026-01-16 17:20:00,17,-0.4728624525000603,80.25771090921593,666,68
2026-01-16 17:30:00,17,-0.07200993442191828,76.41581928486761,686,84
2026-01-16 17:40:00,17,-1.1350513788163596,83.89219100666145,634,65
2026-01-16 17:50:00,17,0.5304785944203776,78.54784584012945,701,73
2026-01-16 18:00:00,18,2.8258133175697697,79.94345583045245,905,69
2026-01-16 18:10:00,18,-2.8663877124203996,84.41669317937784,631,70
2026-01-16 18:20:00,18,-3.3949683766347634,86.99018468164546,716,73
2026-01-16 18:30:00,18,1.8255702304477475,79.29639068971849,949,68
2026-01-16 18:40:00,18,-1.0424372549997158,82.76564975282906,602,86
2026-01-16 18:50:00,18,3.254852701379682,78.05832167519405,716,80
2026-01-16 19:00:00,19,0.5101778854344423,81.46230834960882,135,84
2026-01-16 19:10:00,19,-1.2594800326277906,81.04634666601201,53,73
2026-01-16 19:20:00,19,0.0965027785927802,81.26646995440508,39,73
2026-01-16 19:30:00,19,-1.2044410368843044,84.99712025105958,6,66
2026-01-16 19:40:00,19,-0.06909168254707926,84.57799026230921,104,85
2026-01-16 19:50:00,19,1.8705080105813652,79.99376215289756,81,79
2026-01-16 20:00:00,20,2.059069021061422,81.82471755567576,125,39
2026-01-16 20:10:00,20,2.1667345621143665,86.16290814099285,170,39
2026-01-16 20:20:00,20,1.5989161087700188,80.38603748342913,124,31
2026-01-16 20:30:00,20,0.6681026919850055,73.57772432232133,10,49
2026-01-16 20:40:00,20,2.7229520407625296,75.42796891609352,109,41
2026-01-16 20:50:00,20,0.7284359703558654,74.85798287548138,7,42
2026-01-16 21:00:00,21,3.583087549700175,73.862180358649,134,45
2026-01-16 21:10:00,21,3.3611898687084794,71.21046685337222,27,52
2026-01-16 21:20:00,21,3.141677629747414,65.07332216292755,126,49
2026-01-16 21:30:00,21,1.8601333911421833,84.45692213789361,78,47
2026-01-16 21:40:00,21,2.963546084319893,73.90232960729655,8,50
2026-01-16 21:50:00,21,5.50561540402207,76.18257962279478,114,30
2026-01-16 22:00:00,22,3.958645343394144,72.4100485121936,31,45
2026-01-16 22:10:00,22,5.8872255005357506,76.30986873770182,172,33
2026-01-16 22:20:00,22,4.787948150240739,71.50080549669457,62,46
2026-01-16 22:30:00,22,5.404722184128991,76.21543080380808,144,50
2026-01-16 22:40:00,22,7.180381530966609,66.94597214566045,70,32
2026-01-16 22:50:00,22,5.736003919672591,84.82021684490908,86,32
2026-01-16 23:00:00,23,7.513616641801726,70.77148931674758,136,30
2026-01-16 23:10:00,23,5.045065169666877,83.45617641398474,127,57
2026-01-16 23:20:00,23,6.0814391130832455,75.10080286903599,113,57
2026-01-16 23:30:00,23,9.388885909337908,71.88552363439153,153,44
2026-01-16 23:40:00,23,7.3024140510089035,79.20560468447395,82,30
2026-01-16 23:50:00,23,7.899779704585203,78.28993929812948,184,35
2026-01-17 00:00:00,0,9.604527157578348,66.89671583235415,88,57
2026-01-17 00:10:00,0,11.6633547507075,66.21843117276306,130,42
2026-01-17 00:20:00,0,7.098200748837561,70.22183289418511,192,59
2026-01-17 00:30:00,0,9.29222703399638,77.01905555191308,165,54
2026-01-17 00:40:00,0,9.75775899574173,69.06834122852634,28,57
2026-01-17 00:50:00,0,12.03654163963356,71.55122802008097,129,33
2026-01-17 01:00:00,1,12.300324296431414,65.26998831106876,167,31
2026-01-17 01:10:00,1,10.965628342589039,57.81192000013361,187,41
2026-01-17 01:20:00,1,10.882910228268239,67.47215002335564,182,33
2026-01-17 01:30:00,1,12.034588956721162,59.200841631599886,39,38
2026-01-17 01:40:00,1,12.798271631891328,64.40351046864676,67,33
2026-01-17 01:50:00,1,12.33056668545604,56.64038541087391,165,51
2026-01-17 02:00:00,2,13.8476523869311,58.66993611090781,191,44
2026-01-17 02:10:00,2,14.769757104667027,71.87084554326945,138,48
2026-01-17 02:20:00,2,15.784707153863216,67.88092932378567,20,45
2026-01-17 02:30:00,2,11.370045066395736,60.363848717905576,124,33
2026-01-17 02:40:00,2,15.3874414607357,62.11732606891574,182,59
2026-01-17 02:50:00,2,15.31205813336736,61.099892866740454,64,56
2026-01-17 03:00:00,3,16.478000947173477,61.421925062662424,156,42
2026-01-17 03:10:00,3,17.874598475459383,53.34860999959984,142,43
2026-01-17 03:20:00,3,18.869347381820045,58.837945499690065,150,30
2026-01-17 03:30:00,3,17.185675865974915,74.54669487695742,37,32
2026-01-17 03:40:00,3,15.348049869750469,56.0823693098234,184,58
2026-01-17 03:50:00,3,16.28497347430561,64.65191417020829,86,41
2026-01-17 04:00:00,4,16.32865609983364,60.470037162434565,8,38
2026-01-17 04:10:00,4,20.154574890794937,58.62944736605091,98,34
2026-01-17 04:20:00,4,18.350912510940546,57.463519463479535,73,48
2026-01-17 04:30:00,4,19.580946498746616,70.96129843016081,55,53
2026-01-17 04:40:00,4,20.53211485421442,51.08161209218227,27,40
2026-01-17 04:50:00,4,19.410841778631518,56.885760253802076,182,30
2026-01-17 05:00:00,5,20.478141144165768,59.99012030036226,54,58
2026-01-17 05:10:00,5,19.632449078475258,54.59228335571276,128,38
2026-01-17 05:20:00,5,18.80146441971105,64.91868099501127,108,40
2026-01-17 05:30:00,5,21.705357280318566,68.62172308848264,16,30
2026-01-17 05:40:00,5,18.71955924243547,64.52414543161652,158,46
2026-01-17 05:50:00,5,20.486672138450054,60.71604965013892,151,57
2026-01-17 06:00:00,6,20.015124990592867,53.55595766341034,843,42
2026-01-17 06:10:00,6,21.13315383521396,54.36306015824456,923,40
2026-01-17 06:20:00,6,21.17883584498298,67.68250385466526,691,39
2026-01-17 06:30:00,6,18.567026088692423,55.33935673464748,896,40
2026-01-17 06:40:00,6,21.623580598626145,58.33129674439302,652,45
2026-01-17 06:50:00,6,21.526955919278585,66.11884946437925,894,30
2026-01-17 07:00:00,7,18.096889632808807,63.07933015618425,894,74
2026-01-17 07:10:00,7,17.205022451596367,62.82701237711788,969,85
2026-01-17 07:20:00,7,21.715648492804537,56.37357260420466,801,83
2026-01-17 07:30:00,7,19.862838875290954,65.59600984384798,876,65
2026-01-17 07:40:00,7,20.523887813575712,60.342326062249185,973,60
2026-01-17 07:50:00,7,18.055122011550015,57.31137377759267,733,69
2026-01-17 08:00:00,8,19.66728857433597,62.751733644089626,796,85
2026-01-17 08:10:00,8,18.777636540081986,64.3417454537434,762,79
2026-01-17 08:20:00,8,19.087808987125534,54.45966357418304,630,67
2026-01-17 08:30:00,8,20.637492514106,60.4308127101622,621,89
2026-01-17 08:40:00,8,20.261972436791766,60.446504186023624,695,69
2026-01-17 08:50:00,8,17.848471807122458,59.90649002449862,625,87
2026-01-17 09:00:00,9,14.244386465181933,63.782982446360954,985,83
2026-01-17 09:10:00,9,17.385810739669214,62.719848997701284,905,79
2026-01-17 09:20:00,9,16.359675115651847,68.85251537545979,623,83
2026-01-17 09:30:00,9,19.972117018303848,52.9908063775919,680,72
2026-01-17 09:40:00,9,16.08806105751816,59.229403067143004,763,84
2026-01-17 09:50:00,9,18.0360093972022,63.97001526952035,664,61
2026-01-17 10:00:00,10,16.00716790069161,62.39977607529797,718,48
2026-01-17 10:10:00,10,15.201325992212606,59.85652850359084,906,32
2026-01-17 10:20:00,10,14.526982757989657,63.519381121136654,714,31
2026-01-17 10:30:00,10,14.203870588759978,62.359744442389754,975,51
2026-01-17 10:40:00,10,16.179956879288387,68.27649458039353,884,35
2026-01-17 10:50:00,10,14.143488145704492,71.33049236836291,846,44
2026-01-17 11:00:00,11,13.384013505935203,64.38308931706483,859,39
2026-01-17 11:10:00,11,10.978417245346105,71.88406580651325,618,35
2026-01-17 11:20:00,11,13.746495359588817,67.11653147957084,749,46
2026-01-17 11:30:00,11,12.790092321443112,70.18985956603198,642,51
2026-01-17 11:40:00,11,13.208567615602076,67.42534916782512,916,38
2026-01-17 11:50:00,11,15.364317551920104,70.54760394841091,665,39
2026-01-17 12:00:00,12,13.036171218743023,73.49365019270309,645,36
2026-01-17 12:10:00,12,9.258669967522934,67.08263791794428,989,40
2026-01-17 12:20:00,12,6.826192551501341,74.06617037690137,691,40
2026-01-17 12:30:00,12,9.199563189570377,68.0432144490915,887,54
2026-01-17 12:40:00,12,11.95011121882892,72.12150149045391,745,57
2026-01-17 12:50:00,12,10.123014916730446,68.91483876910385,603,38
2026-01-17 13:00:00,13,6.448171829864174,81.84900876629116,670,56
2026-01-17 13:10:00,13,7.2180683177495535,70.54959935556572,797,44
2026-01-17 13:20:00,13,6.75553791157383,75.4912474490189,758,34
2026-01-17 13:30:00,13,4.298165548465613,72.302813382066,619,53
2026-01-17 13:40:00,13,7.388762908115344,76.15942606185345,956,33
2026-01-17 13:50:00,13,6.529058614119558,73.63415290406859,724,38
2026-01-17 14:00:00,14,5.522282699048862,75.79555385006942,912,32
2026-01-17 14:10:00,14,5.054721178959675,79.77231348914246,695,45
2026-01-17 14:20:00,14,9.01392186768804,74.07342315583051,737,30
2026-01-17 14:30:00,14,5.83086336571303,75.60970065752059,699,57
2026-01-17 14:40:00,14,7.202430414625293,77.28993634952434,811,32
2026-01-17 14:50:00,14,6.108242949020661,74.25209169116036,839,58
2026-01-17 15:00:00,15,4.3848253672747655,74.0211200182289,657,48
2026-01-17 15:10:00,15,2.33351755238254,82.46542180579965,858,41
2026-01-17 15:20:00,15,4.851645784758228,83.04554966047583,771,31
2026-01-17 15:30:00,15,2.5488565124565,75.5407639786758,824,50
2026-01-17 15:40:00,15,0.5132140347864027,73.84231483402158,797,45
2026-01-17 15:50:00,15,0.6937247280268339,69.50224094702183,745,43
2026-01-17 16:00:00,16,-0.10986749802843931,86.8367228122772,782,38
2026-01-17 16:10:00,16,-0.325958489232947,74.37162085701533,998,53
2026-01-17 16:20:00,16,1.5440521557125213,78.2725551600974,972,37
2026-01-17 16:30:00,16,-0.5342162367668948,77.1743061690905,743,48
2026-01-17 16:40:00,16,-0.0716551712382889,78.28469327819073,733,51
2026-01-17 16:50:00,16,0.10588461544623096,74.13681644929285,960,54
2026-01-17 17:00:00,17,0.664030725417335,79.48197620140145,610,71
2026-01-17 17:10:00,17,3.7491523496201404,79.15519592424114,674,65
2026-01-17 17:20:00,17,2.0814469866431247,81.79671138528016,739,80
2026-01-17 17:30:00,17,2.1938226002548475,84.28191372381986,964,68
2026-01-17 17:40:00,17,-2.344028718436655,73.053758991805,756,67
2026-01-17 17:50:00,17,1.5710342799566943,84.27966210857728,843,80
2026-01-17 18:00:00,18,0.38683405017592354,72.44186440528802,918,81
2026-01-17 18:10:00,18,3.3955624854939597,74.19515193877835,774,84
2026-01-17 18:20:00,18,1.4507329411632017,81.43661848868514,661,88
2026-01-17 18:30:00,18,1.51743537431926,78.6273878475124,918,74
2026-01-17 18:40:00,18,-0.2436146221132146,85.5724988841579,958,74
2026-01-17 18:50:00,18,-0.3004627497129422,75.91241358254236,872,87
2026-01-17 19:00:00,19,-1.4408085452083912,73.31635303199434,148,65
2026-01-17 19:10:00,19,-0.5370157875110979,88.4858055006461,63,88
2026-01-17 19:20:00,19,1.4553473013520715,80.83333547492978,190,73
2026-01-17 19:30:00,19,-0.1811409660384391,81.94443442534698,131,82
2026-01-17 19:40:00,19,-1.7176401252504476,88.92455910147902,172,68
2026-01-17 19:50:00,19,1.4378556891077252,73.55770141238098,77,66
2026-01-17 20:00:00,20,0.4316685009041843,74.93772501348002,157,30
2026-01-17 20:10:00,20,2.4274427285872457,76.58022072628614,110,58
2026-01-17 20:20:00,20,2.8824692877792346,79.38801461717406,77,38
2026-01-17 20:30:00,20,0.43374424877435713,75.78301983989631,33,41
2026-01-17 20:40:00,20,-0.6361125154147937,68.75096641956476,6,46
2026-01-17 20:50:00,20,1.0708379537684936,75.27032935834822,102,51
2026-01-17 21:00:00,21,2.2295633594588393,79.661153584966,8,54
2026-01-17 21:10:00,21,3.237744623913053,74.15208815209105,150,59
2026-01-17 21:20:00,21,2.5814556098687556,80.01324140168093,180,52
2026-01-17 21:30:00,21,2.3503082747357356,76.66694091668096,132,44
2026-01-17 21:40:00,21,1.1786779143360202,73.7587939143317,39,49
2026-01-17 21:50:00,21,1.9010400437780355,76.97478759308169,24,34
2026-01-17 22:00:00,22,4.025149301950192,75.08183358772492,15,52
2026-01-17 22:10:00,22,3.782848551181267,61.19862942673482,148,35
2026-01-17 22:20:00,22,2.9391265180141577,74.32567501776501,78,40
2026-01-17 22:30:00,22,1.9989692616092993,74.1780673450224,96,39
2026-01-17 22:40:00,22,6.617125593406963,67.58058632804074,62,52
2026-01-17 22:50:00,22,8.005470875620336,76.24183096915051,11,38
2026-01-17 23:00:00,23,8.930973895118633,74.09599594664746,81,59
2026-01-17 23:10:00,23,7.6478468048155595,73.87551961571091,96,40
2026-01-17 23:20:00,23,6.75619060528132,73.0471404135836,100,39
2026-01-17 23:30:00,23,5.140475150815071,75.93203938932703,34,50
2026-01-17 23:40:00,23,5.770975562894861,77.30632559084677,128,57
2026-01-17 23:50:00,23,10.505567659911877,67.9660031350593,48,32
2026-01-18 00:00:00,0,10.735059414528308,63.346146707215716,95,44
2026-01-18 00:10:00,0,8.975077292115587,63.07417658088101,170,55
2026-01-18 00:20:00,0,9.135790614030139,71.46166859989908,166,57
2026-01-18 00:30:00,0,11.19310658236442,69.6963371627703,166,34
2026-01-18 00:40:00,0,10.336434631880401,60.040388398688755,105,43
2026-01-18 00:50:00,0,9.936276072036161,74.62080550986019,82,50
2026-01-18 01:00:00,1,13.80103505557041,71.69661618390174,28,31
2026-01-18 01:10:00,1,11.60272457906535,61.50548665950947,18,53
2026-01-18 01:20:00,1,9.260802431909127,72.11350387207015,4,57
2026-01-18 01:30:00,1,11.355668219588935,73.16943285029929,182,57
2026-01-18 01:40:00,1,14.371769826445382,68.76510964387018,51,33
2026-01-18 01:50:00,1,13.715662055625613,66.29296803003074,160,58
2026-01-18 02:00:00,2,13.758221939508562,71.13516031299297,103,58
2026-01-18 02:10:00,2,15.779219406004865,64.93469223394217,76,35
2026-01-18 02:20:00,2,12.244197827609561,58.116202580666474,186,50
2026-01-18 02:30:00,2,14.697440829951223,57.57632919544735,78,53
2026-01-18 02:40:00,2,12.319670434456418,69.9537363648515,107,38
2026-01-18 02:50:00,2,14.437987382242959,62.01143149751277,120,55
2026-01-18 03:00:00,3,15.920042177856551,59.88770782017464,55,31
2026-01-18 03:10:00,3,17.34768401690689,73.89893134171311,72,58
2026-01-18 03:20:00,3,16.943597990810858,54.17708840069392,111,45
2026-01-18 03:30:00,3,16.671417987094866,60.2923843356904,168,58
2026-01-18 03:40:00,3,17.60372453740149,70.74662378182606,190,53
2026-01-18 03:50:00,3,15.45255083837825,68.21302657293265,17,30
2026-01-18 04:00:00,4,17.32306184049759,60.19795043787961,42,57
2026-01-18 04:10:00,4,19.188761053823036,58.40623742107838,84,50
2026-01-18 04:20:00,4,16.694317407677243,62.1886467187022,131,42
2026-01-18 04:30:00,4,18.790576556582657,59.38850685090272,171,33
2026-01-18 04:40:00,4,18.572983492771623,59.25220414298851,103,53
2026-01-18 04:50:00,4,16.151758971689652,63.972184297896376,152,38
2026-01-18 05:00:00,5,19.93290304254667,68.56599674130098,144,49
2026-01-18 05:10:00,5,19.50769682428583,64.7285133320615,174,36
2026-01-18 05:20:00,5,20.87432894032453,57.096524257064885,177,44
2026-01-18 05:30:00,5,18.24650722511497,60.75415075921499,60,55
2026-01-18 05:40:00,5,20.288982006545563,67.50499474793271,67,35
2026-01-18 05:50:00,5,20.41402710181213,62.42972481009779,76,40
2026-01-18 06:00:00,6,20.553735547280567,63.718249778369646,975,39
2026-01-18 06:10:00,6,18.67344361816151,54.75743010542158,735,45
2026-01-18 06:20:00,6,19.313439775532444,66.12774578171384,632,38
2026-01-18 06:30:00,6,20.777200086292567,62.49261375308279,816,54
2026-01-18 06:40:00,6,17.851145472059116,55.03857103273443,766,46
2026-01-18 06:50:00,6,19.53663088846762,61.023336028493425,724,47
2026-01-18 07:00:00,7,18.169386621172343,52.40144352763006,960,69
2026-01-18 07:10:00,7,18.39537684094952,64.91688354345138,679,74
2026-01-18 07:20:00,7,17.971027004448544,71.48421070539098,833,81
2026-01-18 07:30:00,7,20.440322973914935,63.693674724584,903,70
2026-01-18 07:40:00,7,19.660173852136023,59.51961350136788,927,62
2026-01-18 07:50:00,7,17.97918748649185,66.49559717014542,696,76
2026-01-18 08:00:00,8,18.761475129621424,64.31105109422742,649,60
2026-01-18 08:10:00,8,19.934917604735805,56.808033479228264,933,78
2026-01-18 08:20:00,8,18.805504069330294,60.58107681506873,948,81
2026-01-18 08:30:00,8,15.29802237428948,62.07283771483848,959,71
2026-01-18 08:40:00,8,18.03808639985697,62.42424339314794,661,74
2026-01-18 08:50:00,8,18.72975218017119,59.4155752993651,797,82
2026-01-18 09:00:00,9,16.42673417353377,61.85524488027509,973,62
2026-01-18 09:10:00,9,19.436249263594096,66.49864213771302,976,60
2026-01-18 09:20:00,9,17.121182870347525,51.69937310171517,791,69
2026-01-18 09:30:00,9,19.30519731892664,61.64630283232166,713,66
2026-01-18 09:40:00,9,20.615957057490924,61.74071198406153,703,71
2026-01-18 09:50:00,9,16.721410691384584,74.05863806340264,701,64
2026-01-18 10:00:00,10,14.90251300681774,65.30044906506616,926,35
2026-01-18 10:10:00,10,15.557892357165095,57.61697688430392,880,50
2026-01-18 10:20:00,10,14.880314667811671,67.67379545811397,977,57
2026-01-18 10:30:00,10,15.282233509214734,62.949180615253084,741,30
2026-01-18 10:40:00,10,16.17265286736422,65.44905542510442,913,38
2026-01-18 10:50:00,10,14.353942745504984,74.11327476013946,848,30
2026-01-18 11:00:00,11,10.435320120617936,62.34388776672019,748,52
2026-01-18 11:10:00,11,10.27125615040514,68.8784883620107,730,38
2026-01-18 11:20:00,11,11.430717536253562,67.50504117149427,948,42
2026-01-18 11:30:00,11,10.567701028525537,59.59713449991409,850,48
2026-01-18 11:40:00,11,12.325907149316318,67.11547886103496,758,55
2026-01-18 11:50:00,11,11.76886201241321,62.38497631446869,794,40
2026-01-18 12:00:00,12,11.911268735759991,77.07680926311386,813,37
2026-01-18 12:10:00,12,10.160144520596008,70.28893507747588,761,42
2026-01-18 12:20:00,12,9.93748492654551,70.64224966414079,784,52
2026-01-18 12:30:00,12,9.038179223844592,68.87833373343179,658,49
2026-01-18 12:40:00,12,9.227596940794937,69.91615521295405,679,35
2026-01-18 12:50:00,12,12.652720289972983,67.03578481081905,610,41
2026-01-18 13:00:00,13,8.368011953213745,71.93080944337287,931,34
2026-01-18 13:10:00,13,7.534345152641478,74.59235377219761,684,43
2026-01-18 13:20:00,13,7.172612718255851,64.13276706229985,677,50
2026-01-18 13:30:00,13,7.428614304662565,72.53247476245394,718,30
2026-01-18 13:40:00,13,7.657318656132407,64.26643619022393,825,45
2026-01-18 13:50:00,13,7.5012988348996235,70.40354907021486,615,35
2026-01-18 14:00:00,14,6.126330565700066,79.43279593391419,984,58
2026-01-18 14:10:00,14,4.659310208344062,80.34901700290766,627,34
2026-01-18 14:20:00,14,2.9191808891609203,73.99824895117672,944,51
2026-01-18 14:30:00,14,4.205635334326669,75.29798467448086,807,52
2026-01-18 14:40:00,14,5.426940645608944,73.61098773095223,610,44
2026-01-18 14:50:00,14,2.9637732033076913,70.94777242078632,765,30
2026-01-18 15:00:00,15,2.4661346176516084,79.84477279119646,954,56
2026-01-18 15:10:00,15,3.1129605463355206,78.09127496992659,986,44
2026-01-18 15:20:00,15,4.595123936816745,69.70512327078909,977,47
2026-01-18 15:30:00,15,5.00561666114435,84.64756621267492,783,45
2026-01-18 15:40:00,15,5.449880520789655,78.10955935687808,875,54
2026-01-18 15:50:00,15,1.622935356282449,71.02646968222268,642,48
2026-01-18 16:00:00,16,0.5968422607835007,84.52561859192382,636,56
2026-01-18 16:10:00,16,0.6769087272416469,88.18701130620428,835,40
2026-01-18 16:20:00,16,1.558948133902773,77.92315732053723,967,38
2026-01-18 16:30:00,16,1.2173244302354824,75.54124607904562,666,54
2026-01-18 16:40:00,16,0.3957874359977551,79.5575643607654,802,48
2026-01-18 16:50:00,16,0.5338677705531059,83.78321776723374,686,30
2026-01-18 17:00:00,17,1.9790983146363332,78.01351592820131,787,68
2026-01-18 17:10:00,17,1.6185561688780012,85.36282563312254,771,72
2026-01-18 17:20:00,17,0.059852652334449585,86.10660329184779,996,78
2026-01-18 17:30:00,17,3.2530400417533816,74.96551148265362,665,64
2026-01-18 17:40:00,17,-1.8594644571670718,77.60058016910507,806,74
2026-01-18 17:50:00,17,0.6918267014051226,72.36712491147883,940,69
2026-01-18 18:00:00,18,-2.8386269417539465,76.57581658978422,807,88
2026-01-18 18:10:00,18,0.17250638126786716,80.20699015184823,658,68
2026-01-18 18:20:00,18,0.3743999711648174,82.69491891686536,801,70
2026-01-18 18:30:00,18,-0.49429801000360535,81.11687927759084,975,89
2026-01-18 18:40:00,18,2.6865881275609134,75.14576167498957,958,80
2026-01-18 18:50:00,18,1.0580797469316099,82.94290643342102,866,89
2026-01-18 19:00:00,19,0.3928753521042524,83.14925937426452,49,79
2026-01-18 19:10:00,19,0.706707801131127,73.6612395166594,21,79
2026-01-18 19:20:00,19,-2.837122353403194,77.83195340308684,57,67
2026-01-18 19:30:00,19,-1.456144129534064,77.15486435326238,183,77
2026-01-18 19:40:00,19,1.2136699607382262,71.51733779941783,195,66
2026-01-18 19:50:00,19,-2.5893277468172338,83.98556477739736,139,72
2026-01-18 20:00:00,20,0.6169636117847441,75.46328921713517,41,43
2026-01-18 20:10:00,20,0.39436730844985723,88.16746590595447,64,55
2026-01-18 20:20:00,20,4.664666234658693,86.23621313885694,2,56
2026-01-18 20:30:00,20,2.7103212193122106,73.53192150887081,163,51
2026-01-18 20:40:00,20,1.1800780273917866,87.90488836552971,155,35
2026-01-18 20:50:00,20,-0.28226844303954435,77.55853449475188,171,49
2026-01-18 21:00:00,21,1.9187940176354354,76.82476739175246,181,49
2026-01-18 21:10:00,21,3.0563983558464796,73.62247118434138,6,46
2026-01-18 21:20:00,21,1.960345129612449,81.17877988079508,112,37
2026-01-18 21:30:00,21,0.7781806433552907,72.21973369457888,185,45
2026-01-18 21:40:00,21,2.229125587671673,77.46413144928026,188,36
2026-01-18 21:50:00,21,1.5043975231068956,77.38717450306507,189,45
2026-01-18 22:00:00,22,4.81008524483111,70.8024464168811,40,56
2026-01-18 22:10:00,22,6.645059956700022,79.27987686703234,107,54
2026-01-18 22:20:00,22,5.810602623613514,71.27686135641294,99,38
2026-01-18 22:30:00,22,6.292159921712923,73.3895746315912,99,42
2026-01-18 22:40:00,22,4.6980211912901195,69.17798425419579,107,33
2026-01-18 22:50:00,22,4.958971631297689,77.21997396119315,174,52
2026-01-18 23:00:00,23,5.319941032613159,70.25565312419576,177,53
2026-01-18 23:10:00,23,7.768590549360328,75.65832963191542,115,42
2026-01-18 23:20:00,23,4.83650800029124,77.34251754813897,171,45
2026-01-18 23:30:00,23,6.17369407153494,76.58718457393499,163,47
2026-01-18 23:40:00,23,9.30559564937817,72.70152589586668,5,59
2026-01-18 23:50:00,23,5.043777219724712,69.98634648572424,105,47
2026-01-19 00:00:00,0,8.332718984963275,71.4565733746865,58,45
2026-01-19 00:10:00,0,12.693994599189795,71.81705649429449,119,54
2026-01-19 00:20:00,0,10.243436744357812,71.65880598173649,67,34
2026-01-19 00:30:00,0,9.685756397104937,70.1800825809508,157,37
2026-01-19 00:40:00,0,11.164490370714073,70.99154571322737,98,47
2026-01-19 00:50:00,0,10.92514453496843,75.87734649185325,135,41
2026-01-19 01:00:00,1,14.095798915042423,68.52400169711522,13,43
2026-01-19 01:10:00,1,11.977565318900327,70.29831617362419,66,53
2026-01-19 01:20:00,1,14.997457581289567,54.98300276742012,103,54
2026-01-19 01:30:00,1,11.834926872747129,66.1490009756075,77,43
2026-01-19 01:40:00,1,10.091638057029861,70.51429379335009,169,51
2026-01-19 01:50:00,1,9.745097344795065,72.29498948878565,125,53
2026-01-19 02:00:00,2,16.383027778644557,62.320648451879585,72,43
2026-01-19 02:10:00,2,14.024015032184407,71.59909931654134,141,45
2026-01-19 02:20:00,2,15.064659097022009,68.06507800207515,62,58
2026-01-19 02:30:00,2,14.756887364085454,58.96940860749733,11,41
2026-01-19 02:40:00,2,17.649348240363217,65.16661707193222,89,39
2026-01-19 02:50:00,2,15.041486015746159,69.85372472033093,151,52
2026-01-19 03:00:00,3,19.530319151036956,59.96583850013992,174,40
2026-01-19 03:10:00,3,15.928024738111823,59.34315005449882,137,59
2026-01-19 03:20:00,3,18.073960155188328,71.26558408959038,6,44
2026-01-19 03:30:00,3,18.344457561595682,59.49176977008941,35,44
2026-01-19 03:40:00,3,15.504039147895192,61.72072885373035,75,30
2026-01-19 03:50:00,3,14.361627857437291,61.168599479579235,123,39
2026-01-19 04:00:00,4,18.30926480013754,69.19410724454774,139,52
2026-01-19 04:10:00,4,21.01157708760364,61.67292578882737,115,33
2026-01-19 04:20:00,4,17.090868202919957,61.536690968736934,149,35
2026-01-19 04:30:00,4,20.416299856349347,65.17328276997894,81,53
2026-01-19 04:40:00,4,16.698363669671764,68.57913036094688,49,55
2026-01-19 04:50:00,4,18.66730935507644,66.70249819621696,59,32
2026-01-19 05:00:00,5,20.242428336830002,50.171606390827144,131,42
2026-01-19 05:10:00,5,21.284347661640073,61.99861627101376,140,36
2026-01-19 05:20:00,5,20.191792959672227,75.78860708259509,156,38
2026-01-19 05:30:00,5,20.41193562878832,68.95610920927021,195,51
2026-01-19 05:40:00,5,18.456944739364005,68.29791837265287,117,42
2026-01-19 05:50:00,5,19.01349143179163,63.478301745281726,184,35
2026-01-19 06:00:00,6,19.775043951870007,62.22752457277081,856,41
2026-01-19 06:10:00,6,17.34510672520353,62.90061673573173,835,39
2026-01-19 06:20:00,6,21.724419137890003,62.04724838333604,686,43
2026-01-19 06:30:00,6,20.917125353065746,58.12749244726625,992,34
2026-01-19 06:40:00,6,20.275434503405766,57.20117418057216,701,57
2026-01-19 06:50:00,6,21.270342816357967,61.19405996876543,995,58
2026-01-19 07:00:00,7,19.117601954382785,61.55379849652428,913,66
2026-01-19 07:10:00,7,19.836136119024015,61.59551200251456,890,85
2026-01-19 07:20:00,7,19.784733015760683,61.235467644237694,938,73
2026-01-19 07:30:00,7,19.071123396150234,61.41923410093284,687,88
2026-01-19 07:40:00,7,19.618039777293312,53.50484908184334,702,75
2026-01-19 07:50:00,7,18.9218258023921,51.798893103342294,704,69
2026-01-19 08:00:00,8,18.238392670328825,69.18221333221484,810,81
2026-01-19 08:10:00,8,20.975105559670325,55.92156674679689,621,85
2026-01-19 08:20:00,8,21.050729050245227,60.5442982785065,698,60
2026-01-19 08:30:00,8,19.503516726369362,66.57523183776834,684,66
2026-01-19 08:40:00,8,18.673813121614348,66.43316005853082,919,76
2026-01-19 08:50:00,8,17.689566616766065,66.84052849006025,870,73
2026-01-19 09:00:00,9,15.837063581031133,64.7400430494606,739,80
2026-01-19 09:10:00,9,16.35020956397899,56.154280125462215,801,70
2026-01-19 09:20:00,9,20.045195063065503,60.82637407633908,764,85
2026-01-19 09:30:00,9,15.408145173589766,55.36290099389532,660,65
2026-01-19 09:40:00,9,14.710875328378076,60.07371561187658,983,73
2026-01-19 09:50:00,9,18.62558763357881,67.90047661764196,941,84
2026-01-19 10:00:00,10,13.106268223912782,58.53249805802595,789,49
2026-01-19 10:10:00,10,15.887343207898244,61.34259133239676,831,31
2026-01-19 10:20:00,10,14.044344783924165,68.26681638413808,831,48
2026-01-19 10:30:00,10,15.782857602214735,66.42611810231583,722,43
2026-01-19 10:40:00,10,13.428063297724577,65.63710024901386,931,56
2026-01-19 10:50:00,10,13.46303794115854,53.737136747438186,740,52
2026-01-19 11:00:00,11,14.665321975335429,70.88757053326714,657,48
2026-01-19 11:10:00,11,15.640212381216905,65.09289205178874,634,58
2026-01-19 11:20:00,11,13.047859951943384,68.83357025571458,826,56
2026-01-19 11:30:00,11,13.767682334847485,66.84914560122091,863,46
2026-01-19 11:40:00,11,12.205593535411452,73.67613081244423,618,36
2026-01-19 11:50:00,11,11.169309737417386,62.8012208040654,732,51
2026-01-19 12:00:00,12,9.804978457268172,70.48070389916293,809,58
2026-01-19 12:10:00,12,7.942503388683036,70.77968603628732,894,52
2026-01-19 12:20:00,12,11.929917264747498,75.38620415360596,798,55
2026-01-19 12:30:00,12,11.481584837217984,65.07746317970098,973,36
2026-01-19 12:40:00,12,11.99362546769094,65.72691052632797,657,34
2026-01-19 12:50:00,12,9.90056548097133,71.47660145835566,716,30
2026-01-19 13:00:00,13,7.587861450152929,69.35149037269994,991,43
2026-01-19 13:10:00,13,10.35806644925073,70.87276667535669,773,48
2026-01-19 13:20:00,13,8.654642195159317,65.04287335446074,823,56
2026-01-19 13:30:00,13,2.862678557755409,77.56429947315411,608,36
2026-01-19 13:40:00,13,6.970417060811291,80.82867338613265,919,36
2026-01-19 13:50:00,13,7.913062517131751,80.35994331957029,728,53
2026-01-19 14:00:00,14,5.489566541161821,90.19914245299385,962,38
2026-01-19 14:10:00,14,4.623551160220557,73.03022919773234,743,36
2026-01-19 14:20:00,14,4.685633257130088,69.26531264949998,949,31
2026-01-19 14:30:00,14,5.799514948809336,72.83977493193031,880,58
2026-01-19 14:40:00,14,3.7551772728105295,74.31757514451176,866,31
2026-01-19 14:50:00,14,2.8115609667580914,70.87005013715184,943,56
2026-01-19 15:00:00,15,3.1470618479996713,74.51641748037207,921,46
2026-01-19 15:10:00,15,2.388854187639366,74.51551041702032,756,34
2026-01-19 15:20:00,15,2.0259321384320828,81.16001300601063,932,48
2026-01-19 15:30:00,15,5.15091876604405,67.61185668753168,703,52
2026-01-19 15:40:00,15,0.5383123619000996,76.79590190589155,774,36
2026-01-19 15:50:00,15,3.2135820233368,78.5629625418917,681,35
2026-01-19 16:00:00,16,1.5116886878855178,81.49678344434126,936,51
2026-01-19 16:10:00,16,0.5233108191723685,76.70434064428231,702,45
2026-01-19 16:20:00,16,2.26356390743173,85.64602274510065,930,32
2026-01-19 16:30:00,16,2.2302269321121915,79.66219801749097,981,46
2026-01-19 16:40:00,16,0.5655276617942132,80.34566219298218,798,36
2026-01-19 16:50:00,16,1.190961646243315,86.35592845664567,674,55
2026-01-19 17:00:00,17,-0.9610120272000613,77.22380559499742,716,81
2026-01-19 17:10:00,17,1.4204094012146724,79.71845129736406,710,82
2026-01-19 17:20:00,17,1.998199781666561,75.99912916854842,788,65
2026-01-19 17:30:00,17,-0.7425744225705422,80.68009630451742,890,86
2026-01-19 17:40:00,17,1.2239224184322293,80.88773889679278,886,61
2026-01-19 17:50:00,17,0.008206752922938154,75.24470727153367,794,79
2026-01-19 18:00:00,18,1.221116795998379,87.78820750342359,951,78
2026-01-19 18:10:00,18,0.24160566913189646,80.33516889745077,632,67
2026-01-19 18:20:00,18,-0.44715969895146146,83.77721663505595,866,63
2026-01-19 18:30:00,18,-1.2993702458970966,80.95746218431127,606,83
2026-01-19 18:40:00,18,-4.1960452791248715,87.70260003711564,679,79
2026-01-19 18:50:00,18,-0.47123478831051824,77.22256260468639,684,76
2026-01-19 19:00:00,19,0.26823501813714457,79.79647718676529,83,88
2026-01-19 19:10:00,19,1.6471822307025463,83.34413125827584,47,62
2026-01-19 19:20:00,19,1.07176306901361,87.78451311357286,13,82
2026-01-19 19:30:00,19,3.786692713430255,89.52887185881944,120,84
2026-01-19 19:40:00,19,1.695876196932626,85.50506613294137,40,63
2026-01-19 19:50:00,19,0.820099394183496,81.35331837805927,195,66
2026-01-19 20:00:00,20,0.9516131629910344,76.70335375043679,12,38
2026-01-19 20:10:00,20,-0.5022295713167753,75.8058202870276,67,47
2026-01-19 20:20:00,20,1.4249740208822383,83.39600725825392,122,54
2026-01-19 20:30:00,20,1.2187363922879373,84.60783489457829,1,44
2026-01-19 20:40:00,20,0.4894552345020732,84.29799391992789,128,44
2026-01-19 20:50:00,20,2.1589082085702547,86.16597555485433,82,51
2026-01-19 21:00:00,21,4.573294413960877,75.32445369843411,103,49
2026-01-19 21:10:00,21,0.42991998387587005,77.69995112936665,5,39
2026-01-19 21:20:00,21,2.84761199559279,82.23831123525156,2,42
2026-01-19 21:30:00,21,4.552009552249929,75.28631907279957,116,48
2026-01-19 21:40:00,21,1.256661326397872,76.38660596966781,121,39
2026-01-19 21:50:00,21,4.4533168321723995,75.36192898776683,3,32
2026-01-19 22:00:00,22,5.032490878898377,67.28561918739572,186,51
2026-01-19 22:10:00,22,3.8732891871619732,69.20559494307798,87,39
2026-01-19 22:20:00,22,2.8952623149952745,68.12684876260887,138,46
2026-01-19 22:30:00,22,3.053204096633566,69.15372577027756,50,31
2026-01-19 22:40:00,22,5.370325690981093,73.16330871759412,51,58
2026-01-19 22:50:00,22,3.4300193319128836,74.36547393509281,75,38
2026-01-19 23:00:00,23,7.426848900230636,80.32085196266024,137,44
2026-01-19 23:10:00,23,8.78409894609391,71.784719064,1,31
2026-01-19 23:20:00,23,6.280768749140447,77.22426939784117,112,50
2026-01-19 23:30:00,23,8.127750021957327,74.17876037192808,113,45
2026-01-19 23:40:00,23,4.730894289557026,73.03383391423486,88,40
2026-01-19 23:50:00,23,7.784911340269112,79.97401367264385,143,48
2026-01-20 00:00:00,0,9.617876421703492,70.81793935649686,142,30
2026-01-20 00:10:00,0,10.657299818435146,77.31713579198168,195,36
2026-01-20 00:20:00,0,10.991661303119193,71.48022255474174,146,57
2026-01-20 00:30:00,0,8.944704087059662,62.60777512085714,3,51
2026-01-20 00:40:00,0,9.317820835978601,70.72199310529113,170,36
2026-01-20 00:50:00,0,10.766013487069667,66.0075607313511,110,34
2026-01-20 01:00:00,1,11.723918799119097,60.42711756400887,195,34
2026-01-20 01:10:00,1,12.226725289362523,69.30738351921862,146,51
2026-01-20 01:20:00,1,12.78900701964851,76.62504507989249,58,47
2026-01-20 01:30:00,1,10.381650003165301,67.75205953588932,167,47
2026-01-20 01:40:00,1,13.362618527259162,73.20790948132051,75,46
2026-01-20 01:50:00,1,12.447704966489615,66.36294530025224,22,46
2026-01-20 02:00:00,2,13.1551185596219,70.03020640198423,167,38
2026-01-20 02:10:00,2,14.426549120728964,67.82754276546521,137,45
2026-01-20 02:20:00,2,14.162850818126449,64.64214636596205,132,32
2026-01-20 02:30:00,2,12.672178124173342,60.51334477864728,180,33
2026-01-20 02:40:00,2,14.510837093240623,66.63013814452283,164,54
2026-01-20 02:50:00,2,13.127577282159038,65.25059247054315,63,42
2026-01-20 03:00:00,3,18.638900784084033,64.0500148137677,164,46
2026-01-20 03:10:00,3,16.183443994561735,63.90565325922988,63,33
2026-01-20 03:20:00,3,16.87125082672055,55.292047224801465,111,41
2026-01-20 03:30:00,3,18.232483806719877,55.31407018380233,47,36
2026-01-20 03:40:00,3,19.903945281116997,65.89705530984246,17,53
2026-01-20 03:50:00,3,15.655998913092189,69.05851536871718,115,31
2026-01-20 04:00:00,4,20.090000563436842,55.22028544085351,64,39
2026-01-20 04:10:00,4,22.685960710992145,58.64731117498199,65,43
2026-01-20 04:20:00,4,17.48241022451137,60.164091878810765,29,44
2026-01-20 04:30:00,4,19.75284487373132,61.846043540323336,31,35
2026-01-20 04:40:00,4,18.938661575068064,75.5772518065022,194,59
2026-01-20 04:50:00,4,19.52076344375115,57.23196916548531,17,45
2026-01-20 05:00:00,5,21.240095334577493,60.330778286515084,169,33
2026-01-20 05:10:00,5,19.04260977809418,67.65145790383961,170,32
2026-01-20 05:20:00,5,22.281690878609496,60.586528373155794,142,41
2026-01-20 05:30:00,5,19.86220161258859,64.99527682975929,44,42
2026-01-20 05:40:00,5,19.398931621823976,69.0804513121885,12,46
2026-01-20 05:50:00,5,17.872584247968852,60.89619537702329,132,37
2026-01-20 06:00:00,6,21.845824709057194,65.22277159726264,702,36
2026-01-20 06:10:00,6,20.952652255235417,57.492958322763215,780,45
2026-01-20 06:20:00,6,18.97279235832421,62.17143777868394,887,31
2026-01-20 06:30:00,6,21.280321337971625,56.45061335700586,669,40
2026-01-20 06:40:00,6,21.07597965002417,63.626700922343765,778,39
2026-01-20 06:50:00,6,18.71380150808462,61.83855491517082,947,49
2026-01-20 07:00:00,7,20.806442810051227,67.27023083752465,999,64
2026-01-20 07:10:00,7,15.532340266181802,64.11785598772312,673,68
2026-01-20 07:20:00,7,18.051475041880348,69.74950124962686,846,76
2026-01-20 07:30:00,7,22.00352591312905,62.23409258354892,727,70
2026-01-20 07:40:00,7,20.12265449389249,52.52731381539304,602,69
2026-01-20 07:50:00,7,19.14815771377814,68.496350469724,769,67
2026-01-20 08:00:00,8,20.26372476500508,64.06445106059051,862,61
2026-01-20 08:10:00,8,18.211134081785534,69.05718078069565,790,75
2026-01-20 08:20:00,8,18.786675459238566,59.08094603176599,697,71
2026-01-20 08:30:00,8,16.89654645768394,62.80560128084507,969,83
2026-01-20 08:40:00,8,16.94913712237567,63.856804327385134,993,78
2026-01-20 08:50:00,8,19.405613298154545,59.22379226851878,913,69
2026-01-20 09:00:00,9,19.023801083137876,58.103750522958016,906,76
2026-01-20 09:10:00,9,17.034705954225835,61.0341375893463,963,61
2026-01-20 09:20:00,9,17.550887089295557,63.0313706118028,679,89
2026-01-20 09:30:00,9,19.11342515643073,72.15975087650057,638,70
2026-01-20 09:40:00,9,17.815720135532686,65.03332548886098,951,74
2026-01-20 09:50:00,9,15.673780385480315,66.31543157200353,792,65
2026-01-20 10:00:00,10,14.670262591934666,62.434463829534636,833,48
2026-01-20 10:10:00,10,17.219472643473544,68.74702526520554,849,33
2026-01-20 10:20:00,10,14.780159269419919,68.7918078486852,766,49
2026-01-20 10:30:00,10,14.885831793037925,64.63912273872769,983,37
2026-01-20 10:40:00,10,15.944787977878663,64.31426250915226,902,41
2026-01-20 10:50:00,10,14.673233832501223,66.6857171804378,798,37
2026-01-20 11:00:00,11,10.659885932798154,74.95419930002195,760,46
2026-01-20 11:10:00,11,13.368794385303785,63.479606508480046,626,31
2026-01-20 11:20:00,11,10.643209702489148,64.47883331743077,878,54
2026-01-20 11:30:00,11,10.107927323195494,65.04700212143148,902,41
2026-01-20 11:40:00,11,11.349025722713293,67.39314265081853,633,36
2026-01-20 11:50:00,11,15.223503603949142,72.34556617102517,893,56
2026-01-20 12:00:00,12,11.854439417678446,72.91168414688939,720,59
2026-01-20 12:10:00,12,8.050975724037988,68.0904512723844,949,47
2026-01-20 12:20:00,12,11.893102205984054,69.75286689567409,702,52
2026-01-20 12:30:00,12,8.993723707641838,71.67349034552393,720,38
2026-01-20 12:40:00,12,9.77344303304678,67.40502384073172,703,50
2026-01-20 12:50:00,12,10.240714879408797,74.6477027411805,649,57
2026-01-20 13:00:00,13,8.717752054774778,71.60534617103578,783,44
2026-01-20 13:10:00,13,4.694553656269855,74.69496534772442,862,38
2026-01-20 13:20:00,13,6.601300310567118,80.45840188811032,845,33
2026-01-20 13:30:00,13,5.998181172028414,81.43418445486152,702,38
2026-01-20 13:40:00,13,6.39095073604468,68.32995436902853,607,53
2026-01-20 13:50:00,13,6.6807700248322925,69.39954353216635,721,45
2026-01-20 14:00:00,14,4.915133769743908,85.55256092329532,704,47
2026-01-20 14:10:00,14,4.076532451372629,68.53491963075224,801,56
2026-01-20 14:20:00,14,3.206173670460284,76.1421917062613,969,34
2026-01-20 14:30:00,14,4.637436827773577,69.42894078954487,997,42
2026-01-20 14:40:00,14,5.6330810667468265,79.3117749414869,635,58
2026-01-20 14:50:00,14,7.16821632052105,72.31657424044506,623,45
2026-01-20 15:00:00,15,1.405813490844959,77.22988820007176,890,32
2026-01-20 15:10:00,15,1.5485546898025244,73.26704915782165,731,33
2026-01-20 15:20:00,15,2.394060055618673,75.57925846193356,871,57
2026-01-20 15:30:00,15,3.4889933710112944,74.31725601877122,885,37
2026-01-20 15:40:00,15,2.2487148066360327,76.31135954673806,747,52
2026-01-20 15:50:00,15,0.9014391049668089,84.39713365967322,604,55
2026-01-20 16:00:00,16,2.2470184301070444,73.39941937850426,741,31
2026-01-20 16:10:00,16,3.6145005998210458,86.71924063604007,880,42
2026-01-20 16:20:00,16,1.4463205721452974,76.87361784657217,620,47
2026-01-20 16:30:00,16,3.4188186249760837,82.39379169755063,925,38
2026-01-20 16:40:00,16,3.5120524759664646,69.20375726007049,909,57
2026-01-20 16:50:00,16,2.3679947366134746,74.60056285999504,666,59
2026-01-20 17:00:00,17,2.1275509028266097,87.61846921632191,753,82
2026-01-20 17:10:00,17,-0.5241550583014966,82.90100358565218,649,65
2026-01-20 17:20:00,17,-0.398361828515054,68.46298302733233,911,83
2026-01-20 17:30:00,17,-0.43045577405342716,77.94595996094019,696,82
2026-01-20 17:40:00,17,-3.034394304055713,78.94330591639346,663,65
2026-01-20 17:50:00,17,-0.22471000075506753,75.02559424869202,612,62
2026-01-20 18:00:00,18,0.13170427210724575,84.75095957570622,814,76
2026-01-20 18:10:00,18,2.140924620655746,80.4969290953803,746,61
2026-01-20 18:20:00,18,-0.6759391446030946,90.35524707367321,642,74
2026-01-20 18:30:00,18,1.039063266772911,89.18803622239946,890,67
2026-01-20 18:40:00,18,0.29471579665493003,83.60752660870621,778,67
2026-01-20 18:50:00,18,-2.5696028308572725,86.04962218948396,709,84
2026-01-20 19:00:00,19,2.506683567223738,77.94053055225152,100,62
2026-01-20 19:10:00,19,1.7915641386048744,91.10112410024048,159,77
2026-01-20 19:20:00,19,0.2887471051508216,85.44515886718072,166,84
2026-01-20 19:30:00,19,1.0177706941380031,83.34273782258711,70,77
2026-01-20 19:40:00,19,3.4109781404119333,82.07634872319758,158,60
2026-01-20 19:50:00,19,-2.872367719513864,81.99284835765626,90,62
2026-01-20 20:00:00,20,2.0782695413063603,72.92720573816959,133,53
2026-01-20 20:10:00,20,-2.0762995467657817,74.83975317537772,196,43
2026-01-20 20:20:00,20,2.3034058828696553,82.76101016283317,190,48
2026-01-20 20:30:00,20,-0.8438515763456391,72.72522547598737,40,49
2026-01-20 20:40:00,20,3.956099796762852,82.75989782665205,199,55
2026-01-20 20:50:00,20,5.125976270933588,74.80708847981818,37,42
2026-01-20 21:00:00,21,3.7938317805408994,75.20520976809298,100,51
2026-01-20 21:10:00,21,3.8472689127779933,78.26794775817383,29,54
2026-01-20 21:20:00,21,3.4837977552940105,76.84598312066866,89,38
2026-01-20 21:30:00,21,1.714935302838981,75.75931404743723,141,30
2026-01-20 21:40:00,21,1.3503411821949336,76.43810235979589,134,44
2026-01-20 21:50:00,21,-1.902767224399029,75.83361319496365,50,48
2026-01-20 22:00:00,22,3.7801434164532717,75.75423798419365,17,40
2026-01-20 22:10:00,22,1.0509987773236018,60.75682635145924,150,37
2026-01-20 22:20:00,22,5.264180129437896,71.34588968215328,153,57
2026-01-20 22:30:00,22,7.091156532985801,76.70037130925861,168,58
2026-01-20 22:40:00,22,2.2599278127167786,72.03306562347868,109,31
2026-01-20 22:50:00,22,5.095153167415412,60.456500310803456,168,54
2026-01-20 23:00:00,23,9.139494481845052,75.32243293742228,110,39
2026-01-20 23:10:00,23,5.108725086942916,65.62498017217047,86,55
2026-01-20 23:20:00,23,6.144563890904173,83.26039729554877,186,56
2026-01-20 23:30:00,23,4.5746452927462125,78.53054551368659,71,48
2026-01-20 23:40:00,23,6.69208032262719,68.95379718949061,10,35
2026-01-20 23:50:00,23,6.759236882257421,67.36469730923923,107,47
2026-01-21 00:00:00,0,8.704026704858743,71.97113655139351,107,53
2026-01-21 00:10:00,0,7.988418603741533,67.24325058161112,140,32
2026-01-21 00:20:00,0,10.290404771692561,68.37156885487234,195,30
2026-01-21 00:30:00,0,7.5596415202229625,70.99384155807837,12,36
2026-01-21 00:40:00,0,11.191229312915059,61.26398602268998,134,33
2026-01-21 00:50:00,0,9.595301931222862,69.17665399767955,115,47
2026-01-21 01:00:00,1,8.916658467427546,67.12538706367539,161,54
2026-01-21 01:10:00,1,12.431620089041802,67.24650806616036,116,54
2026-01-21 01:20:00,1,13.41801129405017,63.90921943642208,186,51
2026-01-21 01:30:00,1,11.072560833754107,73.20585054699637,149,32
2026-01-21 01:40:00,1,11.109883010130421,61.86912490590329,21,48
2026-01-21 01:50:00,1,13.217997437356148,70.36337169604806,194,50
2026-01-21 02:00:00,2,17.052940815202327,67.95959268823361,17,44
2026-01-21 02:10:00,2,15.049370608308816,67.04444709550609,4,43
2026-01-21 02:20:00,2,13.69955057021597,65.01979726538615,41,33
2026-01-21 02:30:00,2,13.543974496672295,63.93934258596413,59,30
2026-01-21 02:40:00,2,13.932032467152974,68.68944530890467,27,53
2026-01-21 02:50:00,2,16.3481838248727,66.76076427747208,0,35
2026-01-21 03:00:00,3,19.20393309884244,52.73788129473864,182,56
2026-01-21 03:10:00,3,17.596789917936416,62.00580166016707,74,42
2026-01-21 03:20:00,3,14.697313325333786,68.90850914978145,14,42
2026-01-21 03:30:00,3,16.022022469521776,63.26586743387759,157,31
2026-01-21 03:40:00,3,16.30671665883649,50.90724235829761,199,46
2026-01-21 03:50:00,3,16.77100480968417,63.70337170329266,38,58
2026-01-21 04:00:00,4,19.940749432207678,59.1804482904161,76,34
2026-01-21 04:10:00,4,18.067882138816135,57.68922621133835,27,30
2026-01-21 04:20:00,4,18.85251884525269,67.04884908041551,87,46
2026-01-21 04:30:00,4,17.64855139743903,68.92045388732893,186,43
2026-01-21 04:40:00,4,15.57348210603105,65.0393372734284,175,50
2026-01-21 04:50:00,4,17.826972737294227,62.7689198650348,160,42
2026-01-21 05:00:00,5,18.626888627942726,56.87867432741585,185,44
2026-01-21 05:10:00,5,19.599562781126345,62.06467591779127,147,30
2026-01-21 05:20:00,5,21.190552443208443,63.40533950315669,80,47
2026-01-21 05:30:00,5,19.566201242575584,51.329390701557834,69,46
2026-01-21 05:40:00,5,22.995062347935075,62.225360099274155,174,53
2026-01-21 05:50:00,5,18.399192368561064,66.47224885223538,169,47
2026-01-21 06:00:00,6,19.438371747593454,67.8187987625193,849,30
2026-01-21 06:10:00,6,17.460215222510254,71.42739347099351,961,53
2026-01-21 06:20:00,6,20.92128334866867,53.70820787042327,932,50
2026-01-21 06:30:00,6,21.08992798363666,64.26910483169982,969,35
2026-01-21 06:40:00,6,21.455881986470477,62.117272728195296,709,56
2026-01-21 06:50:00,6,19.16677206524338,58.22086688693704,679,34
2026-01-21 07:00:00,7,20.304976499609683,65.69841398962843,930,61
2026-01-21 07:10:00,7,20.006513436921455,49.370850385312394,657,89
2026-01-21 07:20:00,7,20.997642071175285,54.46980608153837,696,71
2026-01-21 07:30:00,7,20.151589247234124,60.28382927748824,954,76
2026-01-21 07:40:00,7,15.707877317133335,57.949254080612945,747,82
2026-01-21 07:50:00,7,17.97420369991814,51.19768535035268,674,84
2026-01-21 08:00:00,8,19.39840584419246,62.406856777260415,630,62
2026-01-21 08:10:00,8,19.77788268877618,57.02076560928626,688,89
2026-01-21 08:20:00,8,19.92014648365867,65.78217609347817,796,82
2026-01-21 08:30:00,8,17.71392075274291,63.87858499528643,797,77
2026-01-21 08:40:00,8,17.707632041635573,66.92621214384096,601,79
2026-01-21 08:50:00,8,16.318424443572905,61.5386138015657,976,89
2026-01-21 09:00:00,9,17.075353351442015,63.381913525796854,803,88
2026-01-21 09:10:00,9,18.203370892494917,60.31059654700445,727,64
2026-01-21 09:20:00,9,15.070540388440811,68.05762463989997,782,69
2026-01-21 09:30:00,9,17.72333841388636,64.40072172368073,821,87
2026-01-21 09:40:00,9,16.152603903786513,63.636218584599746,879,82
2026-01-21 09:50:00,9,17.601163201376686,69.42688507431049,747,76
2026-01-21 10:00:00,10,13.83908838391341,62.86538285483575,849,56
2026-01-21 10:10:00,10,13.110673721485275,60.2016414820089,821,46
2026-01-21 10:20:00,10,14.515136514844693,62.22173432465353,711,47
2026-01-21 10:30:00,10,13.671438908211547,60.00359233695691,691,36
2026-01-21 10:40:00,10,14.718600874453395,63.47973049895181,634,50
2026-01-21 10:50:00,10,15.533534935192757,73.16156242780797,767,55
2026-01-21 11:00:00,11,12.0775048591508,71.98452352243453,685,38
2026-01-21 11:10:00,11,12.130542396503921,79.62622762454454,613,46
2026-01-21 11:20:00,11,11.976272423117805,77.96311434084447,780,40
2026-01-21 11:30:00,11,13.198400263128624,59.849959424244105,944,46
2026-01-21 11:40:00,11,13.42260339129353,78.52338483022339,652,51
2026-01-21 11:50:00,11,15.320562156392556,75.5541803266002,913,30
2026-01-21 12:00:00,12,8.81653401987328,69.3487842864373,672,59
2026-01-21 12:10:00,12,8.207003640372116,71.76856831553849,760,58
2026-01-21 12:20:00,12,10.704049540671841,68.94475893692511,685,45
2026-01-21 12:30:00,12,7.018212948703261,74.22472439011669,643,40
2026-01-21 12:40:00,12,9.742918752072324,72.46400191883893,849,38
2026-01-21 12:50:00,12,10.125672545939437,68.11293236381124,985,35
2026-01-21 13:00:00,13,10.920231168984412,70.42313724785079,637,44
2026-01-21 13:10:00,13,5.896536383259477,69.11670668212943,848,57
2026-01-21 13:20:00,13,6.260028665352584,68.21541385772423,837,36
2026-01-21 13:30:00,13,8.49267741046032,66.0510915436469,812,51
2026-01-21 13:40:00,13,10.543729239297829,71.10489275487932,761,41
2026-01-21 13:50:00,13,6.979410878400696,72.61199407959388,956,52
2026-01-21 14:00:00,14,7.117610552930637,79.30763794075182,964,47
2026-01-21 14:10:00,14,6.906269474679375,76.86802434102307,853,42
2026-01-21 14:20:00,14,5.849876584734759,74.78499608773372,655,54
2026-01-21 14:30:00,14,4.992247989444104,74.40945435419073,626,43
2026-01-21 14:40:00,14,7.339787115758654,83.30610028654158,986,48
2026-01-21 14:50:00,14,4.871441230890992,72.13409249768887,787,43
2026-01-21 15:00:00,15,-0.040824912971057614,82.39165155813718,879,54
2026-01-21 15:10:00,15,3.3044498359903534,74.61745734292454,608,41
2026-01-21 15:20:00,15,3.7553270098045433,75.33610818144957,912,42
2026-01-21 15:30:00,15,2.971344155163402,75.8184396984454,670,30
2026-01-21 15:40:00,15,0.8640314199366355,84.65328347145784,851,50
2026-01-21 15:50:00,15,3.407533293852909,75.35023464213667,654,48
2026-01-21 16:00:00,16,0.8841171171264336,79.98598238456898,742,57
2026-01-21 16:10:00,16,1.9080917923238259,80.92732665067777,796,41
2026-01-21 16:20:00,16,0.7123500886107903,76.63220162740586,619,33
2026-01-21 16:30:00,16,-2.162235562871037,79.99548874480199,725,48
2026-01-21 16:40:00,16,2.5048552208204766,82.38855581884874,991,36
2026-01-21 16:50:00,16,2.0211991687795736,84.30488290580247,780,39
2026-01-21 17:00:00,17,1.0093122534523404,74.03783686056045,640,83
2026-01-21 17:10:00,17,-1.4126152343612082,77.7095797101631,784,81
2026-01-21 17:20:00,17,0.2288202931713522,79.50180710763833,834,62
2026-01-21 17:30:00,17,-1.3821873723934859,77.43335075627081,945,80
2026-01-21 17:40:00,17,0.28585880254975043,74.50613727973926,829,75
2026-01-21 17:50:00,17,0.2998435491924723,77.24906809355997,926,68
2026-01-21 18:00:00,18,1.733291867241007,76.43668654175904,617,77
2026-01-21 18:10:00,18,-2.8504375209133697,85.13208180259419,685,88
2026-01-21 18:20:00,18,0.8489723899814746,67.24853733567049,705,75
2026-01-21 18:30:00,18,2.0004402903584064,77.48126813429128,652,80
2026-01-21 18:40:00,18,-1.9039165821062496,87.07064777383182,627,74
2026-01-21 18:50:00,18,-1.5518317783317863,80.06499493819706,959,82
2026-01-21 19:00:00,19,0.19295752137629418,81.37465315100798,59,69
2026-01-21 19:10:00,19,-1.2571138023978898,79.44254508060294,132,64
2026-01-21 19:20:00,19,1.7832375272045426,86.84456698218197,198,80
2026-01-21 19:30:00,19,1.0325124386275528,80.41208316692145,28,73
2026-01-21 19:40:00,19,0.9493376327024496,81.25134991461678,54,66
2026-01-21 19:50:00,19,0.36884936642366556,73.97539879794404,197,87
2026-01-21 20:00:00,20,2.076480500654796,84.21692954256223,95,54
2026-01-21 20:10:00,20,1.4655588604027385,72.44839672730357,108,56
2026-01-21 20:20:00,20,1.9338471089263622,73.34929816664179,55,38
2026-01-21 20:30:00,20,1.6706604725605259,83.38863682690297,89,43
2026-01-21 20:40:00,20,2.0454804973689127,85.17939523902554,64,35
2026-01-21 20:50:00,20,2.993438492375327,80.14992237603813,180,30
2026-01-21 21:00:00,21,3.4288696522296562,81.72455254855159,179,31
2026-01-21 21:10:00,21,1.1757348001398666,84.05979020605513,112,31
2026-01-21 21:20:00,21,4.955452186702862,89.37343507113957,53,31
2026-01-21 21:30:00,21,2.7740857795373746,69.63878337158988,180,52
2026-01-21 21:40:00,21,5.330959019944203,71.58007854822402,21,59
2026-01-21 21:50:00,21,6.352927564132933,86.34074036502417,79,40
2026-01-21 22:00:00,22,2.778512240571116,77.34341694969736,109,56
2026-01-21 22:10:00,22,4.8072350187219,78.94701031099432,25,39
2026-01-21 22:20:00,22,6.1550036132864765,70.01197085058251,134,31
2026-01-21 22:30:00,22,5.679401969119573,69.31465247876314,47,54
2026-01-21 22:40:00,22,3.0451687313296287,76.29590382595384,185,55
2026-01-21 22:50:00,22,4.089342766346533,81.34138494101126,91,57
2026-01-21 23:00:00,23,7.134177620170133,80.79128379690724,91,39
2026-01-21 23:10:00,23,7.468462113144394,73.65862806575234,183,59
2026-01-21 23:20:00,23,7.7617541026781005,83.80058351592973,184,42
2026-01-21 23:30:00,23,5.128276309542425,70.39443758468238,89,53
2026-01-21 23:40:00,23,6.012263047575466,68.45256005272984,102,39
2026-01-21 23:50:00,23,12.276226540781247,79.38750439450175,177,47
2026-01-22 00:00:00,0,9.104202584187373,73.92198946625633,170,59
2026-01-22 00:10:00,0,12.44544652907794,74.86486874506926,141,47
2026-01-22 00:20:00,0,12.30046197611036,69.1816032050033,66,40
2026-01-22 00:30:00,0,9.362545086337589,79.44131365517438,102,40
2026-01-22 00:40:00,0,8.911331326883921,72.45464829493017,111,49
2026-01-22 00:50:00,0,13.240259168551981,78.48175605157843,163,47
2026-01-22 01:00:00,1,12.909984423931798,62.247837504137394,161,47
2026-01-22 01:10:00,1,11.335691532801544,62.29065725692786,106,53
2026-01-22 01:20:00,1,15.549482633673566,61.104853959385345,43,56
2026-01-22 01:30:00,1,12.199805823990161,66.98928238099198,166,46
2026-01-22 01:40:00,1,14.433646032804447,66.19119287465433,37,40
2026-01-22 01:50:00,1,13.757656385479992,73.08444098412447,13,53
2026-01-22 02:00:00,2,14.264842990926756,66.82499812526099,169,59
2026-01-22 02:10:00,2,14.857097367738062,61.41127272986089,172,41
2026-01-22 02:20:00,2,14.616198276391872,62.84084279947878,170,52
2026-01-22 02:30:00,2,14.524877659629542,68.39744282710795,194,47
2026-01-22 02:40:00,2,14.348623566076434,66.358577879079,70,41
2026-01-22 02:50:00,2,15.297128643593695,72.58174603573524,82,59
2026-01-22 03:00:00,3,16.3254233575258,66.1919722689047,68,54
2026-01-22 03:10:00,3,16.540171196036052,58.943808901245134,124,46
2026-01-22 03:20:00,3,15.247723783495827,62.411807072260316,141,41
2026-01-22 03:30:00,3,19.295896560643595,59.90390742928146,41,35
2026-01-22 03:40:00,3,19.559871836768124,57.33614491547757,27,59
2026-01-22 03:50:00,3,18.04468991054717,64.65577608327916,197,39
2026-01-22 04:00:00,4,16.94600720414191,55.389460837220184,132,42
2026-01-22 04:10:00,4,19.0292728532602,68.3063648215177,168,38
2026-01-22 04:20:00,4,18.782917837825256,53.518579089956646,77,49
2026-01-22 04:30:00,4,19.657640430260084,62.52647891101343,193,30
2026-01-22 04:40:00,4,17.900189955482535,49.47196428299415,174,49
2026-01-22 04:50:00,4,15.267824276717914,68.36744518844131,70,46
2026-01-22 05:00:00,5,21.423938956532062,62.85175992195993,5,55
2026-01-22 05:10:00,5,20.600361319227268,58.58012675011709,140,36
2026-01-22 05:20:00,5,21.32152659889652,53.98643117121504,125,58
2026-01-22 05:30:00,5,22.006361578187597,63.84829991502336,180,45
2026-01-22 05:40:00,5,22.172963414099044,58.47582360326622,68,39
2026-01-22 05:50:00,5,21.34850446276716,57.582184518298355,88,42
2026-01-22 06:00:00,6,19.630778712967047,66.3991855826095,616,42
2026-01-22 06:10:00,6,21.239567405110225,56.68730173129232,803,58
2026-01-22 06:20:00,6,22.28267030616219,63.78345440028408,911,32
2026-01-22 06:30:00,6,18.88102629444374,56.60798379872633,828,55
2026-01-22 06:40:00,6,19.786076673988116,65.10508533282766,822,32
2026-01-22 06:50:00,6,19.585652087300712,51.46605538216751,980,37
2026-01-22 07:00:00,7,18.417242723422035,61.49141001244477,973,74
2026-01-22 07:10:00,7,20.112744089025366,63.73148065717516,956,83
2026-01-22 07:20:00,7,17.384402343061087,55.566777826448174,714,71
2026-01-22 07:30:00,7,18.13464656767628,65.84706679724033,746,86
2026-01-22 07:40:00,7,18.51914175222117,53.893906728585414,983,77
2026-01-22 07:50:00,7,20.79720818354577,62.82486067768495,948,69
2026-01-22 08:00:00,8,18.052949730970276,61.678491262362485,815,65
2026-01-22 08:10:00,8,16.76743335593149,67.57688618179264,890,63
2026-01-22 08:20:00,8,18.04891156886949,56.007186265264956,701,71
2026-01-22 08:30:00,8,19.17449046897716,60.06004587544857,728,72
2026-01-22 08:40:00,8,21.521118028821295,66.39176541517517,679,81
2026-01-22 08:50:00,8,18.320278079224142,57.28053246417628,754,80
2026-01-22 09:00:00,9,17.287014280286126,61.933072484627445,998,72
2026-01-22 09:10:00,9,16.274350574547693,65.2582928492673,889,77
2026-01-22 09:20:00,9,13.960000259566694,58.110427368287816,647,86
2026-01-22 09:30:00,9,16.482975278557067,69.43318819435225,626,65
2026-01-22 09:40:00,9,17.1363327330061,58.26142843690693,849,86
2026-01-22 09:50:00,9,19.205924829584625,66.71611653490164,984,67
2026-01-22 10:00:00,10,16.36483223865384,65.23208606346437,640,55
2026-01-22 10:10:00,10,16.233766207607115,61.72300235660268,857,49
2026-01-22 10:20:00,10,16.869091191610153,62.352104451728465,731,54
2026-01-22 10:30:00,10,17.080718118849305,63.7682894001144,744,54
2026-01-22 10:40:00,10,15.732985506690795,71.80340260184644,875,32
2026-01-22 10:50:00,10,15.004924031414351,65.36708357622607,807,45
2026-01-22 11:00:00,11,11.917593090990774,73.08463731336096,737,58
2026-01-22 11:10:00,11,11.04727040282874,77.81151643003065,726,33
2026-01-22 11:20:00,11,10.814889444048633,70.15709875225713,602,53
2026-01-22 11:30:00,11,11.06398122328031,76.15997226622461,885,55
2026-01-22 11:40:00,11,12.272684736105747,72.55177956398174,619,40
2026-01-22 11:50:00,11,14.160747263958818,71.71944100924573,961,32
2026-01-22 12:00:00,12,10.651918485170734,61.5826095744503,799,46
2026-01-22 12:10:00,12,10.95414381074769,60.597690881811374,662,55
2026-01-22 12:20:00,12,12.0461389293901,74.27131392666445,739,33
2026-01-22 12:30:00,12,13.143915702009593,60.07530213054159,659,33
2026-01-22 12:40:00,12,11.510067812536011,79.90606568094964,976,44
2026-01-22 12:50:00,12,10.043759924439728,71.9688378938633,989,43
2026-01-22 13:00:00,13,6.587126189015519,65.76019712604312,945,43
2026-01-22 13:10:00,13,6.5891361230819605,70.91644545712225,773,59
2026-01-22 13:20:00,13,7.946598560061585,72.29063304041718,762,52
2026-01-22 13:30:00,13,8.539537112744325,74.09057197284076,655,57
2026-01-22 13:40:00,13,6.776668285211626,70.65503586911805,609,40
2026-01-22 13:50:00,13,7.852017479908078,77.48784387460267,880,45
2026-01-22 14:00:00,14,4.206627153893896,75.76324387272172,780,56
2026-01-22 14:10:00,14,2.7267652250778207,71.5659598526308,842,57
2026-01-22 14:20:00,14,7.626934657848068,75.45663579662869,936,42
2026-01-22 14:30:00,14,5.292194827814723,72.34773564273533,605,38
2026-01-22 14:40:00,14,3.833528597799212,72.78438563402196,980,37
2026-01-22 14:50:00,14,5.596729245885455,77.87641770583564,622,36
2026-01-22 15:00:00,15,1.9629431266922244,81.46432232381147,871,46
2026-01-22 15:10:00,15,3.958603404349078,74.1976337167604,827,54
2026-01-22 15:20:00,15,3.0470264828027,73.17462881645636,843,41
2026-01-22 15:30:00,15,1.5239593802586517,79.5548721756359,641,47
2026-01-22 15:40:00,15,2.753404695937069,84.67981252767257,864,32
2026-01-22 15:50:00,15,3.9252637681621674,77.13410486918029,644,38
2026-01-22 16:00:00,16,0.35870800853440854,70.58269457164445,615,56
2026-01-22 16:10:00,16,2.08883669935934,76.49307744140685,724,39
2026-01-22 16:20:00,16,1.6747410826841589,76.21368792222978,810,58
2026-01-22 16:30:00,16,-0.8166096017325093,73.2412885546298,894,49
2026-01-22 16:40:00,16,3.437574024803648,77.3070590139198,710,47
2026-01-22 16:50:00,16,3.5820215497856047,80.64868739635473,653,36
2026-01-22 17:00:00,17,-0.0629916958143894,81.57085547980903,759,85
2026-01-22 17:10:00,17,0.0010793644050915985,82.33651114943953,833,87
2026-01-22 17:20:00,17,0.20864162979769932,81.12686762413982,985,67
2026-01-22 17:30:00,17,2.0232259102915435,80.93883065062973,937,83
2026-01-22 17:40:00,17,-0.24246115199860307,78.87548546557593,941,63
2026-01-22 17:50:00,17,-0.554128594141706,82.44987567181316,872,76
2026-01-22 18:00:00,18,-0.7112869872295277,76.99292190856775,909,65
2026-01-22 18:10:00,18,-1.0072229399903039,72.83259820888446,913,71
2026-01-22 18:20:00,18,-0.9689216619276412,68.2956863080142,753,84
2026-01-22 18:30:00,18,-1.1002057593191341,77.79624484413206,722,66
2026-01-22 18:40:00,18,1.2978100323298298,81.5398150205821,973,86
2026-01-22 18:50:00,18,-1.905712148042234,73.52328449031364,941,71
2026-01-22 19:00:00,19,0.7823731841979912,79.2472263362246,157,79
2026-01-22 19:10:00,19,1.1664533566160928,75.7587941603251,194,69
2026-01-22 19:20:00,19,0.9005792047816781,78.12123717292474,161,69
2026-01-22 19:30:00,19,0.11483822566166568,82.44960647398523,45,63
2026-01-22 19:40:00,19,0.6670976866589169,80.08288034823364,46,67
2026-01-22 19:50:00,19,0.3612245687027122,81.40487874596583,131,70
2026-01-22 20:00:00,20,1.2103803851990178,74.60703179306552,89,57
2026-01-22 20:10:00,20,2.0203747741059126,79.42502212150872,29,34
2026-01-22 20:20:00,20,-0.761256090015344,72.58624959132057,193,36
2026-01-22 20:30:00,20,1.1232485317521808,71.62506837631005,156,55
2026-01-22 20:40:00,20,1.1224927106503881,79.69589165167949,93,52
2026-01-22 20:50:00,20,0.726360130529039,77.2652929654582,1,40
2026-01-22 21:00:00,21,3.0977716059566642,77.98976570079418,161,49
2026-01-22 21:10:00,21,4.148885707538948,77.90251800075339,37,50
2026-01-22 21:20:00,21,3.4942266347871946,67.09780256646829,176,42
2026-01-22 21:30:00,21,7.444462185284918,76.65663914704042,100,30
2026-01-22 21:40:00,21,2.4602537051724167,76.35416364363859,64,49
2026-01-22 21:50:00,21,4.178970635756896,67.97367527103067,40,45
2026-01-22 22:00:00,22,4.71269686541812,68.97686265154634,1,51
2026-01-22 22:10:00,22,6.005084140614441,79.8235119236872,39,32
2026-01-22 22:20:00,22,3.902819237941653,73.2497499184721,9,36
2026-01-22 22:30:00,22,5.08397796536535,71.61971498361261,112,34
2026-01-22 22:40:00,22,3.2286998600134895,68.81696598425414,84,46
2026-01-22 22:50:00,22,5.83475763411666,73.81071685749154,195,47
2026-01-22 23:00:00,23,5.3234319702871185,78.1761559767083,133,49
2026-01-22 23:10:00,23,5.429378799551326,75.0007709678216,9,38
2026-01-22 23:20:00,23,6.060710467656254,75.28199015759841,181,45
2026-01-22 23:30:00,23,6.86287332981245,69.70879023216874,140,48
2026-01-22 23:40:00,23,6.878921298226828,72.18655734643657,190,32
2026-01-22 23:50:00,23,8.615089029897822,70.16332903362283,125,37
2026-01-23 00:00:00,0,9.111583486312625,74.19641463314882,39,39
2026-01-23 00:10:00,0,10.180228714159217,72.83258154121056,62,57
2026-01-23 00:20:00,0,11.423302778858343,72.00989933154706,49,46
2026-01-23 00:30:00,0,11.261017697871766,82.08074299860805,27,39
2026-01-23 00:40:00,0,11.212179529462558,73.83559242860113,55,47
2026-01-23 00:50:00,0,10.134630454865638,66.20772546936486,69,42
2026-01-23 01:00:00,1,13.972197666039978,71.68268544109524,135,35
2026-01-23 01:10:00,1,13.370662293966582,71.70772018246554,50,50
2026-01-23 01:20:00,1,13.198560134626774,62.33910483726427,48,32
2026-01-23 01:30:00,1,12.369343898004058,64.75505637025557,169,50
2026-01-23 01:40:00,1,11.43759592700609,67.74506642195408,76,37
2026-01-23 01:50:00,1,13.63537969949403,60.179866688904966,105,48
2026-01-23 02:00:00,2,14.558233219915751,61.71512692156067,19,30
2026-01-23 02:10:00,2,16.007494555607998,68.96922143873586,149,57
2026-01-23 02:20:00,2,12.994107002028043,68.92156185738652,132,58
2026-01-23 02:30:00,2,19.76127136123749,61.81581294108594,55,34
2026-01-23 02:40:00,2,15.770324930766826,65.91560101535548,6,51
2026-01-23 02:50:00,2,15.046398679527082,58.0725912512179,117,30
2026-01-23 03:00:00,3,18.23785069885766,57.503172613297224,11,46
2026-01-23 03:10:00,3,16.49527131632687,55.83924293804499,125,49
2026-01-23 03:20:00,3,18.810357659686417,50.25727575042542,61,53
2026-01-23 03:30:00,3,14.969030932380484,70.75749798229397,64,34
2026-01-23 03:40:00,3,16.32899119997584,59.62803632364343,73,58
2026-01-23 03:50:00,3,18.296393469688148,62.62132940115649,114,32
2026-01-23 04:00:00,4,18.06283291543624,68.53707790996788,85,40
2026-01-23 04:10:00,4,20.421024317332687,59.08992830668859,59,43
2026-01-23 04:20:00,4,20.85609206541033,65.9880707630127,9,50
2026-01-23 04:30:00,4,17.353217706064612,62.93989237253878,164,43
2026-01-23 04:40:00,4,18.855569597354652,57.66508431735454,1,55
2026-01-23 04:50:00,4,19.099253237227412,58.20726577529564,133,43
2026-01-23 05:00:00,5,19.505399846617426,69.7922118260621,162,33
2026-01-23 05:10:00,5,17.271260936284808,64.58068814656554,64,56
2026-01-23 05:20:00,5,22.742344224153133,52.83036952249017,119,39
2026-01-23 05:30:00,5,21.532734575457773,65.77837106546701,39,32
2026-01-23 05:40:00,5,20.332344641009186,54.293106769242016,107,52
2026-01-23 05:50:00,5,19.780211688132244,60.29900726342761,32,50
2026-01-23 06:00:00,6,19.815873069767356,52.09088260732257,916,45
2026-01-23 06:10:00,6,20.435414994261194,60.84855628563738,876,35
2026-01-23 06:20:00,6,17.902657516933754,52.082882427644414,753,52
2026-01-23 06:30:00,6,20.324808220711393,60.67155692088075,730,37
2026-01-23 06:40:00,6,20.089872453068992,52.21435872259519,950,52
2026-01-23 06:50:00,6,19.54113993805771,57.435384704669104,796,42
2026-01-23 07:00:00,7,20.790555830769357,61.672056661433565,761,70
2026-01-23 07:10:00,7,18.153817223332727,59.205953417209834,770,67
2026-01-23 07:20:00,7,18.78262906916363,60.361254855889314,604,82
2026-01-23 07:30:00,7,19.22688635311908,54.906077845108015,983,77
2026-01-23 07:40:00,7,19.50056007661812,54.888638423460584,656,71
2026-01-23 07:50:00,7,19.43701372768583,66.75736538805093,701,70
2026-01-23 08:00:00,8,18.12879143601571,63.82802327271754,814,85
2026-01-23 08:10:00,8,19.791142799660065,55.57432109582612,619,80
2026-01-23 08:20:00,8,18.752173911308937,53.34494574544729,708,89
2026-01-23 08:30:00,8,19.803002714146043,62.95957739478282,938,65
2026-01-23 08:40:00,8,17.438609013961077,59.951125552410694,927,82
2026-01-23 08:50:00,8,19.59530495980333,62.14364459249379,997,86
2026-01-23 09:00:00,9,17.033041761393648,61.4876563522396,809,72
2026-01-23 09:10:00,9,17.515318227735886,59.18521627226598,653,89
2026-01-23 09:20:00,9,15.080491591785705,54.71139765392621,919,82
2026-01-23 09:30:00,9,18.362210285221202,62.00069373764811,903,75
2026-01-23 09:40:00,9,16.994801910303845,52.344192457586786,829,86
2026-01-23 09:50:00,9,17.661808064104186,61.44383792240278,927,75
2026-01-23 10:00:00,10,17.54980106548379,60.481095421713455,949,36
2026-01-23 10:10:00,10,18.37790616230242,63.60531809467153,783,32
2026-01-23 10:20:00,10,17.30622137193778,64.80949999114281,906,38
2026-01-23 10:30:00,10,14.851518558767609,64.1162807884877,968,49
2026-01-23 10:40:00,10,13.863185979505472,67.61053727990554,991,49
2026-01-23 10:50:00,10,14.001502015005219,61.68931841669292,882,55
2026-01-23 11:00:00,11,13.322524611796492,71.5211812948011,698,53
2026-01-23 11:10:00,11,14.263075827540165,73.10445843272905,804,51
2026-01-23 11:20:00,11,13.940134293350852,69.2266856629003,635,35
2026-01-23 11:30:00,11,12.715478677273952,64.7473488216042,742,41
2026-01-23 11:40:00,11,11.737944691310297,70.99823113495349,753,33
2026-01-23 11:50:00,11,13.404476255340573,69.92008344117853,698,34
2026-01-23 12:00:00,12,10.345185639604134,66.06594644810325,763,53
2026-01-23 12:10:00,12,11.812027212327934,66.51544720320899,864,49
2026-01-23 12:20:00,12,13.805146368306294,61.567187058380384,809,46
2026-01-23 12:30:00,12,10.302387780128981,68.42092141938137,850,31
2026-01-23 12:40:00,12,8.726538077709455,68.4454723113424,609,58
2026-01-23 12:50:00,12,9.899671150742066,64.33795867138159,757,41
2026-01-23 13:00:00,13,7.713151309980311,73.47151632795838,809,39
2026-01-23 13:10:00,13,6.495669546740603,71.83164652313317,789,32
2026-01-23 13:20:00,13,6.090172766103046,80.39830701117937,720,38
2026-01-23 13:30:00,13,9.02472729778148,76.11195243852562,762,53
2026-01-23 13:40:00,13,6.31992613354177,75.15003249946456,649,51
2026-01-23 13:50:00,13,9.144902395163205,71.12291815091764,962,43
2026-01-23 14:00:00,14,5.947134489525162,79.98251097583211,800,58
2026-01-23 14:10:00,14,2.8594661640202097,66.96954260388591,837,42
2026-01-23 14:20:00,14,5.709672165572464,81.75910320117126,652,59
2026-01-23 14:30:00,14,5.14699032523235,71.77436844546894,796,59
2026-01-23 14:40:00,14,2.864398997136148,72.31950705068162,839,30
2026-01-23 14:50:00,14,4.130242382409875,66.16165196612806,843,30
2026-01-23 15:00:00,15,3.2611066262944695,75.9999726124589,827,51
2026-01-23 15:10:00,15,2.5116002614217257,82.52087179778009,737,47
2026-01-23 15:20:00,15,5.078104480770419,71.90742193394523,611,32
2026-01-23 15:30:00,15,3.681550115507733,71.77446237234439,635,49
2026-01-23 15:40:00,15,0.8568404562974972,76.71312517003389,655,59
2026-01-23 15:50:00,15,3.1256061176244145,70.55099973804873,823,51
2026-01-23 16:00:00,16,2.727744580047823,79.87085222370582,713,33
2026-01-23 16:10:00,16,-1.125409466232938,81.5765119879403,916,55
2026-01-23 16:20:00,16,2.3307230928150617,83.96034552772483,763,34
2026-01-23 16:30:00,16,0.48873981699728875,83.16359111934901,666,50
2026-01-23 16:40:00,16,1.845687374143107,86.64046108800949,691,52
2026-01-23 16:50:00,16,2.8930580785829783,81.54142981362541,945,32
2026-01-23 17:00:00,17,1.2708848661348864,82.84285717087027,705,87
2026-01-23 17:10:00,17,-0.016674068506413675,78.46961068566304,678,76
2026-01-23 17:20:00,17,1.7353351441392453,79.03993712592136,997,67
2026-01-23 17:30:00,17,1.3665455476539972,84.65709900470375,629,85
2026-01-23 17:40:00,17,-1.703422867657475,76.15573853337655,717,62
2026-01-23 17:50:00,17,-0.83616832093207,79.37539284974639,856,87
2026-01-23 18:00:00,18,1.4540412544333527,68.71333434417943,970,80
2026-01-23 18:10:00,18,1.879019338857498,72.40763166172091,627,80
2026-01-23 18:20:00,18,-0.9668773688820435,83.90312826385643,805,80
2026-01-23 18:30:00,18,0.8457961872145932,78.45781920948535,947,69
2026-01-23 18:40:00,18,1.0012030592148664,77.49170281150529,877,62
2026-01-23 18:50:00,18,-1.8415672513039754,81.30505026689815,901,87
2026-01-23 19:00:00,19,2.439294687797417,74.80068195169696,99,76
2026-01-23 19:10:00,19,1.1954302689632592,78.30625602820369,110,82
2026-01-23 19:20:00,19,-0.5086138004352154,75.3843122482472,85,68
2026-01-23 19:30:00,19,2.962004890473161,81.09945910594523,10,60
2026-01-23 19:40:00,19,-0.20008570132432923,81.89628791842075,172,65
2026-01-23 19:50:00,19,2.0367765444424992,76.73904315781004,186,77
2026-01-23 20:00:00,20,0.495074932015825,81.98335331436108,141,53
2026-01-23 20:10:00,20,1.1141127567930713,93.70201552465466,171,57
2026-01-23 20:20:00,20,1.245565421119585,75.81146601645747,83,50
2026-01-23 20:30:00,20,1.7721478487075197,84.97057809850867,76,39
2026-01-23 20:40:00,20,1.9443678590186018,81.6826763591086,40,48
2026-01-23 20:50:00,20,2.5749802555855146,81.94439107132385,68,53
2026-01-23 21:00:00,21,2.4167065301286943,82.57174042603626,152,54
2026-01-23 21:10:00,21,0.51402359856427,69.32354879494865,123,41
2026-01-23 21:20:00,21,2.5552910984650365,74.42693733974082,141,41
2026-01-23 21:30:00,21,4.7218236073693,82.24441817509955,114,55
2026-01-23 21:40:00,21,4.822359860217199,82.80722126607486,72,37
2026-01-23 21:50:00,21,3.7626398649219657,81.12824401868478,113,49
2026-01-23 22:00:00,22,6.039341959604913,75.13544007824969,69,31
2026-01-23 22:10:00,22,5.57072280945182,70.31434020034713,141,58
2026-01-23 22:20:00,22,6.316943390227879,72.91092072234991,152,51
2026-01-23 22:30:00,22,4.7188972153341755,80.08541761609762,141,39
2026-01-23 22:40:00,22,5.925501429773549,70.02879289956022,56,37
2026-01-23 22:50:00,22,6.052651769869718,66.9507221636136,123,56
2026-01-23 23:00:00,23,9.585257777899887,74.65788012520352,164,40
2026-01-23 23:10:00,23,6.140396540936699,76.408388614259,105,44
2026-01-23 23:20:00,23,5.195882139907364,64.67630401172778,145,50
2026-01-23 23:30:00,23,5.190592462136936,69.42168693487196,176,33
2026-01-23 23:40:00,23,8.513216950694598,69.81109083139565,167,43
2026-01-23 23:50:00,23,5.935207557943457,69.22977163692067,102,35
2026-01-24 00:00:00,0,12.779851187678329,61.94520046114273,199,37
2026-01-24 00:10:00,0,9.751512448773779,60.804411523540445,68,46
2026-01-24 00:20:00,0,8.919847617460539,65.54806853873288,154,45
2026-01-24 00:30:00,0,10.013776506811006,78.97754699272497,156,41
2026-01-24 00:40:00,0,12.871512979997394,72.15763590090026,90,43
2026-01-24 00:50:00,0,10.177509122993714,63.1452258662428,75,55
2026-01-24 01:00:00,1,11.661831179513658,68.81644306327263,53,51
2026-01-24 01:10:00,1,13.829365880948085,66.77252874453757,57,51
2026-01-24 01:20:00,1,11.752611813194367,65.41290883911036,199,36
2026-01-24 01:30:00,1,14.749628694101048,68.73188422197242,49,32
2026-01-24 01:40:00,1,10.07374771594193,68.5239770565616,9,40
2026-01-24 01:50:00,1,11.980197830684066,59.94652136360067,125,35
2026-01-24 02:00:00,2,14.088002459651483,64.92272759177654,75,45
2026-01-24 02:10:00,2,12.720988315699948,64.60473223796266,7,59
2026-01-24 02:20:00,2,14.800522685300987,63.564921368970396,63,43
2026-01-24 02:30:00,2,11.60079548698318,65.30408000691394,89,37
2026-01-24 02:40:00,2,15.706776192889985,62.48888659018097,161,40
2026-01-24 02:50:00,2,13.863989877681583,57.57446549673678,98,50
2026-01-24 03:00:00,3,16.58310029289699,54.447447198035576,152,35
2026-01-24 03:10:00,3,15.502199897254249,63.3495985115699,5,33
2026-01-24 03:20:00,3,17.112895141526522,79.100996596952,184,40
2026-01-24 03:30:00,3,19.30474928327652,60.053271621468596,47,44
2026-01-24 03:40:00,3,17.964217490329723,69.67258362091609,61,38
2026-01-24 03:50:00,3,17.779395139649438,56.34922669055325,185,50
2026-01-24 04:00:00,4,17.698030548492873,51.781923277223335,24,59
2026-01-24 04:10:00,4,18.73911286484045,59.600967591359215,58,44
2026-01-24 04:20:00,4,17.93357322079417,56.79973881519973,151,59
2026-01-24 04:30:00,4,19.722972888620216,64.67539340539501,66,32
2026-01-24 04:40:00,4,19.064669897328475,59.2549923606324,183,33
2026-01-24 04:50:00,4,19.54472622637862,60.72622162200818,77,39
2026-01-24 05:00:00,5,16.782873518853616,50.61236902943401,146,43
2026-01-24 05:10:00,5,17.75155479817351,56.033946296976985,180,47
2026-01-24 05:20:00,5,20.72044963580347,61.927129282735635,113,39
2026-01-24 05:30:00,5,17.84742817052385,58.19551743425567,187,32
2026-01-24 05:40:00,5,21.49796935814375,67.87933054721695,160,48
2026-01-24 05:50:00,5,21.298265484234097,56.5919766064486,77,43
2026-01-24 06:00:00,6,19.952730769418643,63.4249788602856,783,55
2026-01-24 06:10:00,6,22.68755258561188,57.78069134783668,683,46
2026-01-24 06:20:00,6,19.037001364392335,58.238766533497625,821,40
2026-01-24 06:30:00,6,16.375156920249648,60.34338137133961,645,31
2026-01-24 06:40:00,6,17.220643779299113,66.38252813446633,673,54
2026-01-24 06:50:00,6,19.201939743645863,66.20326997286334,955,38
2026-01-24 07:00:00,7,18.011323218242374,66.85588252739308,629,82
2026-01-24 07:10:00,7,18.98000928880557,61.65368965465902,958,61
2026-01-24 07:20:00,7,21.37954477809375,61.31405121091013,633,77
2026-01-24 07:30:00,7,18.212997434054376,59.932255694724034,652,86
2026-01-24 07:40:00,7,18.44368245917971,64.97747776270488,623,75
2026-01-24 07:50:00,7,20.085202606078813,64.62497544983266,628,69
2026-01-24 08:00:00,8,18.839761978139368,69.80209788644883,910,79
2026-01-24 08:10:00,8,17.69295313649111,62.8217618991637,688,73
2026-01-24 08:20:00,8,15.981619111347236,54.26541455112811,834,82
2026-01-24 08:30:00,8,21.21675340984894,52.94824834205682,790,83
2026-01-24 08:40:00,8,16.90449717898829,59.531095964349504,822,64
2026-01-24 08:50:00,8,20.402401253622603,53.484565877717806,847,60
2026-01-24 09:00:00,9,17.064269895977443,66.88906520661615,653,63
2026-01-24 09:10:00,9,18.5682241684474,59.2839604599559,757,63
2026-01-24 09:20:00,9,14.162072498114558,57.566605898644056,802,85
2026-01-24 09:30:00,9,17.44141102979577,65.52346578550001,954,84
2026-01-24 09:40:00,9,16.71846764738095,64.68387337561971,754,68
2026-01-24 09:50:00,9,18.197605947724533,55.421149319531686,601,74
2026-01-24 10:00:00,10,15.95391379392481,67.13196239228878,925,58
2026-01-24 10:10:00,10,14.986749844478053,54.70087812683151,985,36
2026-01-24 10:20:00,10,14.298481018384374,63.241720953310725,699,43
2026-01-24 10:30:00,10,17.959704558341198,56.59113124545731,661,57
2026-01-24 10:40:00,10,14.404873625379993,67.46927871172173,778,46
2026-01-24 10:50:00,10,12.600058442054413,61.789060614726765,731,47
2026-01-24 11:00:00,11,12.745999579119252,69.2082806254557,952,48
2026-01-24 11:10:00,11,13.852071524388291,59.75932969351556,758,39
2026-01-24 11:20:00,11,11.889471785790155,66.3008031778499,651,36
2026-01-24 11:30:00,11,13.137217880427244,75.57938424811016,998,32
2026-01-24 11:40:00,11,12.959017605289203,61.584216437776305,847,59
2026-01-24 11:50:00,11,14.510472112753014,65.43839802795392,838,54
2026-01-24 12:00:00,12,13.402978088844517,78.74502081596029,833,31
2026-01-24 12:10:00,12,10.430988975615707,69.85117043570538,991,40
2026-01-24 12:20:00,12,11.40530200202457,68.82545143579979,993,59
2026-01-24 12:30:00,12,8.827454439283109,68.78619357748956,901,57
2026-01-24 12:40:00,12,10.71971358226042,72.0155030775121,718,42
2026-01-24 12:50:00,12,12.720644132027758,73.39799043065996,875,32
2026-01-24 13:00:00,13,6.287340575943072,74.41701676148372,647,33
2026-01-24 13:10:00,13,5.745862030363795,72.35012675521166,980,38
2026-01-24 13:20:00,13,8.281561278158485,69.38350862734002,910,32
2026-01-24 13:30:00,13,8.292104466910505,70.5659078786255,875,44
2026-01-24 13:40:00,13,6.536000744924123,70.85737641317705,869,45
2026-01-24 13:50:00,13,5.000040978612471,76.75981733195259,934,43
2026-01-24 14:00:00,14,4.459403600160789,68.17989300458879,956,47
2026-01-24 14:10:00,14,3.4890725105157436,67.696421432663,782,43
2026-01-24 14:20:00,14,2.2071090674083296,69.10891943716085,908,45
2026-01-24 14:30:00,14,1.0387004588430075,67.66851726738187,734,40
2026-01-24 14:40:00,14,5.238005977559206,70.98592464307494,886,37
2026-01-24 14:50:00,14,3.179037497751686,75.1306146696563,785,40
2026-01-24 15:00:00,15,1.382434196928921,88.83899751214061,820,52
2026-01-24 15:10:00,15,2.9668095863989454,87.1803386239558,867,50
2026-01-24 15:20:00,15,3.490113350813241,70.77654085104466,611,55
2026-01-24 15:30:00,15,7.141296653964628,81.68211343486459,808,32
2026-01-24 15:40:00,15,3.988543814390159,80.18068582812762,781,40
2026-01-24 15:50:00,15,0.28684225120964024,74.38174456149427,797,43
2026-01-24 16:00:00,16,-1.8560398463151775,76.76327830716797,868,44
2026-01-24 16:10:00,16,2.0961831201045307,76.50780073130878,777,53
2026-01-24 16:20:00,16,2.597457005060177,80.35129533755712,725,43
2026-01-24 16:30:00,16,2.0763799408239025,73.29099706916256,994,30
2026-01-24 16:40:00,16,-0.33926152919488906,86.82697591233749,695,45
2026-01-24 16:50:00,16,0.5366942312914204,69.1163103989397,970,33
2026-01-24 17:00:00,17,-0.35992751889974794,85.42999914749464,816,81
2026-01-24 17:10:00,17,1.5256865380301412,82.4348432163984,985,64
2026-01-24 17:20:00,17,2.8792047453575744,78.93084949941964,831,86
2026-01-24 17:30:00,17,-4.206730610814178,81.29631022938025,993,89
2026-01-24 17:40:00,17,-0.8867782892718654,82.7408677044706,950,74
2026-01-24 17:50:00,17,1.4955555414508668,80.05770390495417,880,77
2026-01-24 18:00:00,18,-3.7349487661977108,77.03076156112142,850,88
2026-01-24 18:10:00,18,1.7978238549295011,80.81170722861684,650,77
2026-01-24 18:20:00,18,-0.12339183687211894,74.34620147318411,822,60
2026-01-24 18:30:00,18,0.23142969922787873,80.17273699676336,947,81
2026-01-24 18:40:00,18,0.06785717256769153,72.54504166236805,960,88
2026-01-24 18:50:00,18,-0.246726661110523,86.50655079320669,850,69
2026-01-24 19:00:00,19,-0.5044405230161355,80.12442124457027,106,70
2026-01-24 19:10:00,19,0.4891677481283191,85.10239442666075,96,82
2026-01-24 19:20:00,19,1.042272799541998,91.79665949793193,0,85
2026-01-24 19:30:00,19,2.69969091521505,77.12888746504511,137,87
2026-01-24 19:40:00,19,-1.330083860656491,74.4727964275101,5,79
2026-01-24 19:50:00,19,-0.24076191754736898,72.0925941794292,28,60
2026-01-24 20:00:00,20,4.098554816228312,75.9205169280185,149,35
2026-01-24 20:10:00,20,1.0158447361064225,87.23292378453323,190,33
2026-01-24 20:20:00,20,3.0635281018791796,68.43008150949565,80,41
2026-01-24 20:30:00,20,0.7508900678932696,75.5843979634065,108,49
2026-01-24 20:40:00,20,1.2701677272099465,75.74079886256948,16,51
2026-01-24 20:50:00,20,-1.8858040541167966,82.50264685836652,40,38
2026-01-24 21:00:00,21,0.7400034382708682,67.11671797555974,96,52
2026-01-24 21:10:00,21,3.823216864779245,74.12255638029663,28,30
2026-01-24 21:20:00,21,3.099320512269376,72.62089216493543,95,55
2026-01-24 21:30:00,21,3.0102580667276544,71.29126689721042,129,54
2026-01-24 21:40:00,21,3.289002570850356,74.72223544517657,68,33
2026-01-24 21:50:00,21,0.18998405604655488,75.71547711807499,85,45
2026-01-24 22:00:00,22,3.285984349095777,77.62250538425604,29,44
2026-01-24 22:10:00,22,4.795517839463036,76.72961778005538,154,45
2026-01-24 22:20:00,22,5.181805638902343,73.48518303734815,11,44
2026-01-24 22:30:00,22,6.410882015278021,67.94232307039307,95,58
2026-01-24 22:40:00,22,2.313598837999284,77.87923657424476,89,47
2026-01-24 22:50:00,22,2.6249101953963696,70.05526998740896,125,37
2026-01-24 23:00:00,23,9.370424215216985,71.37101405134867,75,43
2026-01-24 23:10:00,23,8.131258205997478,75.16022728719278,63,59
2026-01-24 23:20:00,23,7.4099177554613975,67.86652188490687,160,46
2026-01-24 23:30:00,23,7.917375333361505,61.326758681089714,102,31
2026-01-24 23:40:00,23,7.952934969689579,76.90999198905293,123,42
2026-01-24 23:50:00,23,9.730362234227638,61.03667300033386,39,47
2026-01-25 00:00:00,0,10.191212942697794,71.70678395377695,74,39
2026-01-25 00:10:00,0,9.920445854791312,62.5844203236029,41,48
2026-01-25 00:20:00,0,11.477220647352137,69.99401673284542,195,45
2026-01-25 00:30:00,0,9.994807510966671,68.46224061839695,39,36
2026-01-25 00:40:00,0,11.652236197228701,71.69466833305232,162,47
2026-01-25 00:50:00,0,9.146459945513897,77.2658279539057,119,41
2026-01-25 01:00:00,1,15.915967304935153,68.11959921400101,175,31
2026-01-25 01:10:00,1,10.103478721073635,69.18547133277436,189,52
2026-01-25 01:20:00,1,12.257954376848609,68.80369684756197,26,50
2026-01-25 01:30:00,1,13.066771882050679,68.05174116843673,125,50
2026-01-25 01:40:00,1,11.517822816139363,72.75759695150126,37,42
2026-01-25 01:50:00,1,10.017477357322319,64.75280127986731,92,44
2026-01-25 02:00:00,2,15.779710911625148,70.11039136015,196,41
2026-01-25 02:10:00,2,12.530666680900934,64.73931936288136,34,38
2026-01-25 02:20:00,2,14.504514114833487,60.4917674010827,126,58
2026-01-25 02:30:00,2,15.089556464232396,64.38330094753748,100,43
2026-01-25 02:40:00,2,16.925389999252726,62.885136911087784,52,58
2026-01-25 02:50:00,2,15.131708620407647,64.92866279146504,23,57
2026-01-25 03:00:00,3,14.50992803532741,65.61156314661228,157,36
2026-01-25 03:10:00,3,16.457094775031102,62.7457044799961,108,43
2026-01-25 03:20:00,3,15.481325191301348,70.11065268312953,176,54
2026-01-25 03:30:00,3,19.171752667099724,63.29965108330227,199,35
2026-01-25 03:40:00,3,15.780582138187627,53.00714759661665,188,38
2026-01-25 03:50:00,3,17.282227203755944,71.77016350350058,7,54
2026-01-25 04:00:00,4,19.29244975844478,64.82755702354234,126,51
2026-01-25 04:10:00,4,20.245467815059033,64.29010674491603,69,39
2026-01-25 04:20:00,4,19.882298816624477,60.137333381499516,90,45
2026-01-25 04:30:00,4,20.623927025073396,58.6480451369285,128,38
2026-01-25 04:40:00,4,18.083576264936667,65.14191113682294,105,54
2026-01-25 04:50:00,4,18.497088087314655,63.64576347938147,116,56
2026-01-25 05:00:00,5,18.144376353731204,56.77543642015682,138,52
2026-01-25 05:10:00,5,21.224432139479795,60.49244359666311,100,56
2026-01-25 05:20:00,5,20.538760914626675,60.09151011456313,23,47
2026-01-25 05:30:00,5,18.841192899668137,58.75567675434819,105,40
2026-01-25 05:40:00,5,20.018455986737017,61.06260026986232,77,35
2026-01-25 05:50:00,5,21.318470048211317,51.73775625562271,168,50
2026-01-25 06:00:00,6,20.227935104759485,70.40628872197067,921,56
2026-01-25 06:10:00,6,19.69987360815539,68.6496912212397,715,54
2026-01-25 06:20:00,6,20.35303123933629,53.061317656143636,817,38
2026-01-25 06:30:00,6,21.062017801475072,61.264541510364886,848,56
2026-01-25 06:40:00,6,21.635286083136034,56.221890327320956,972,36
2026-01-25 06:50:00,6,21.334825200241696,54.13689012162653,878,55
2026-01-25 07:00:00,7,18.660692838362078,61.7462854108129,930,68
2026-01-25 07:10:00,7,19.480460829388896,56.24255944549752,728,71
2026-01-25 07:20:00,7,20.014720453955423,67.74615342374514,964,80
2026-01-25 07:30:00,7,18.46411289267304,59.345606419366206,877,85
2026-01-25 07:40:00,7,21.450211491450034,56.06319269469922,763,88
2026-01-25 07:50:00,7,19.19036400786917,61.53630924987142,923,82
2026-01-25 08:00:00,8,17.636575969947135,60.611178832575916,653,74
2026-01-25 08:10:00,8,19.302163320548107,50.90809163785562,954,86
2026-01-25 08:20:00,8,20.46886505534646,56.735381706271426,627,89
2026-01-25 08:30:00,8,17.094041365273636,61.82979904704043,730,73
2026-01-25 08:40:00,8,21.409785378298857,63.22617189366667,712,68
2026-01-25 08:50:00,8,20.169019692269433,55.31288101472977,602,61
2026-01-25 09:00:00,9,16.433588374999033,69.14835656080544,633,84
2026-01-25 09:10:00,9,18.748068368957338,58.90320551496588,742,73
2026-01-25 09:20:00,9,17.386423938954312,63.01255807238827,816,71
2026-01-25 09:30:00,9,16.544862370455874,71.23445515823575,704,75
2026-01-25 09:40:00,9,20.422436075009422,60.67102641062349,602,71
2026-01-25 09:50:00,9,15.50755908824101,63.32442835554717,688,65
2026-01-25 10:00:00,10,16.574688268815535,67.65601444687293,933,50
2026-01-25 10:10:00,10,13.677815949609542,64.91242898669702,822,46
2026-01-25 10:20:00,10,16.250504500827766,68.5768787320895,639,51
2026-01-25 10:30:00,10,13.757376979148738,60.98646510343302,990,56
2026-01-25 10:40:00,10,13.235593287755206,58.149919734244236,759,41
2026-01-25 10:50:00,10,13.806150799436782,69.66452566610275,619,43
2026-01-25 11:00:00,11,13.394944338672053,65.14041854477263,616,51
2026-01-25 11:10:00,11,12.394686017481783,69.03353140539825,711,55
2026-01-25 11:20:00,11,11.622037267842963,66.4307997209237,610,35
2026-01-25 11:30:00,11,15.489259165655048,68.60494353079258,626,56
2026-01-25 11:40:00,11,12.90978199882578,63.082214317875795,968,49
2026-01-25 11:50:00,11,11.557015644628027,73.82572748719562,916,39
2026-01-25 12:00:00,12,11.232190203558446,64.1614585166101,630,50
2026-01-25 12:10:00,12,6.28373151319514,63.21097756835626,730,34
2026-01-25 12:20:00,12,7.062865794214671,69.71172081336604,713,34
2026-01-25 12:30:00,12,11.145064072980693,65.67522652880145,957,35
2026-01-25 12:40:00,12,8.994834637958101,67.03166393608322,866,47
2026-01-25 12:50:00,12,8.914274556538466,64.61196925539002,947,43
2026-01-25 13:00:00,13,8.723768283562304,74.31203160317091,712,39
2026-01-25 13:10:00,13,5.540617387326531,74.02141295426526,911,54
2026-01-25 13:20:00,13,4.733572762555749,71.88878511496036,634,56
2026-01-25 13:30:00,13,7.237015086331461,79.36003056496,949,40
2026-01-25 13:40:00,13,9.73096173624166,68.12457602084098,783,45
2026-01-25 13:50:00,13,7.881406703723171,68.86391886389532,820,55
2026-01-25 14:00:00,14,7.606289697378223,75.06413010144847,742,45
2026-01-25 14:10:00,14,5.487822337187056,80.38245508015399,806,36
2026-01-25 14:20:00,14,4.651291398855947,70.10995244430204,602,35
2026-01-25 14:30:00,14,5.151068474719638,77.90388552970812,638,36
2026-01-25 14:40:00,14,4.708539072688667,82.18837565137444,883,31
2026-01-25 14:50:00,14,7.08862004890381,71.07008105928882,641,33
2026-01-25 15:00:00,15,0.5712561888264123,76.76525738063584,731,31
2026-01-25 15:10:00,15,1.3178764212625786,79.8826173082366,902,49
2026-01-25 15:20:00,15,1.2814899266236295,80.87515216582518,837,51
2026-01-25 15:30:00,15,0.5627459398081855,81.77975610388398,690,46
2026-01-25 15:40:00,15,1.7866098842891258,77.91777977943042,742,54
2026-01-25 15:50:00,15,4.6904021521769925,83.11721674229486,780,57
2026-01-25 16:00:00,16,2.9079278136708897,69.16445477454727,824,40
2026-01-25 16:10:00,16,0.6571834817769917,74.42460403803072,698,49
2026-01-25 16:20:00,16,0.5891787293261534,85.14697764722807,700,52
2026-01-25 16:30:00,16,2.285084066439327,79.71981795887604,926,36
2026-01-25 16:40:00,16,1.1813640037309994,76.43379650233176,650,55
2026-01-25 16:50:00,16,-0.04310904782698732,84.69687398771819,647,43
2026-01-25 17:00:00,17,0.6014960354105199,72.29123250894467,749,68
2026-01-25 17:10:00,17,0.4187226974146457,81.26327559507668,670,84
2026-01-25 17:20:00,17,-2.3870498407588094,78.36398503708466,904,74
2026-01-25 17:30:00,17,-1.5772689705653318,85.19458766587869,731,88
2026-01-25 17:40:00,17,0.8887588983529591,77.43453131847915,729,68
2026-01-25 17:50:00,17,2.590826404447141,76.95094333059247,690,62
2026-01-25 18:00:00,18,0.7368461406277538,78.16106590324694,752,71
2026-01-25 18:10:00,18,-0.20623371206257124,77.32292311695868,615,83
2026-01-25 18:20:00,18,-1.9248169495996619,78.49952066580728,911,69
2026-01-25 18:30:00,18,-0.7062214581705266,80.07459197608657,992,66
2026-01-25 18:40:00,18,2.2173012082696255,87.35415752793361,959,62
2026-01-25 18:50:00,18,-1.1396522392602855,79.00892629989404,898,88
2026-01-25 19:00:00,19,2.2522152148374937,84.60491119876937,20,76
2026-01-25 19:10:00,19,0.6834826500947875,67.98687566806427,90,73
2026-01-25 19:20:00,19,2.254081568854628,70.8359510955194,68,86
2026-01-25 19:30:00,19,0.37771554319122563,79.85575453862903,180,64
2026-01-25 19:40:00,19,0.8870462117042379,81.49033327734847,70,80
2026-01-25 19:50:00,19,0.6171567332748231,73.8591891373821,187,78
2026-01-25 20:00:00,20,2.198315277540649,80.715453384202,107,59
2026-01-25 20:10:00,20,-1.6197494585820964,72.56896390274515,143,36
2026-01-25 20:20:00,20,2.4635375569197473,78.7213812271151,156,51
2026-01-25 20:30:00,20,1.29142195295693,80.54686981166047,108,53
2026-01-25 20:40:00,20,2.777308987083951,75.66517814807622,90,50
2026-01-25 20:50:00,20,0.31705676004859895,85.83248991882077,5,59
2026-01-25 21:00:00,21,-0.7915646501248799,78.57397489941647,83,51
2026-01-25 21:10:00,21,4.698270776004325,78.52316159621142,129,57
2026-01-25 21:20:00,21,4.151782247395118,70.74947403764605,185,33
2026-01-25 21:30:00,21,4.6722079740257545,72.00025631228304,128,57
2026-01-25 21:40:00,21,4.186094374361822,77.41015375899676,152,34
2026-01-25 21:50:00,21,4.088404516315136,76.1192397468863,150,44
2026-01-25 22:00:00,22,4.964133549332354,75.4929539501294,37,56
2026-01-25 22:10:00,22,4.66503159350951,85.01753575373522,12,37
2026-01-25 22:20:00,22,3.0571304820971195,87.4285438195987,65,54
2026-01-25 22:30:00,22,3.48445214767642,75.69156912063795,11,32
2026-01-25 22:40:00,22,5.494771283855802,80.5675439083738,171,54
2026-01-25 22:50:00,22,4.951376685927198,69.89013314398046,68,39
2026-01-25 23:00:00,23,8.3522590494878,67.07413638895349,198,32
2026-01-25 23:10:00,23,9.211223172203757,76.99759673702748,121,34
2026-01-25 23:20:00,23,7.168611876062682,74.4267854949275,179,31
2026-01-25 23:30:00,23,8.045542467549385,68.47131404916371,99,48
2026-01-25 23:40:00,23,8.2849582787963,75.04041627629492,14,59
2026-01-25 23:50:00,23,8.588473814011394,69.49167305357253,13,34
2026-01-26 00:00:00,0,11.47210994758382,70.01495424738114,69,58
2026-01-26 00:10:00,0,10.150665057162486,70.9061594915649,112,48
2026-01-26 00:20:00,0,10.785317084194624,71.7430815865824,149,55
2026-01-26 00:30:00,0,9.038568618729684,75.98945888653446,176,34
2026-01-26 00:40:00,0,9.429731955179651,69.69903930103756,98,46
2026-01-26 00:50:00,0,10.036262167302773,71.72087963363482,71,40
2026-01-26 01:00:00,1,13.04053252149458,75.56665810615087,155,45
2026-01-26 01:10:00,1,14.231887877140418,76.21530641197553,150,50
2026-01-26 01:20:00,1,12.048222183056984,62.3111538747988,74,54
2026-01-26 01:30:00,1,13.796948909663916,73.52896575258663,85,49
2026-01-26 01:40:00,1,14.8846591001593,66.55668414290422,72,51
2026-01-26 01:50:00,1,13.321649066560063,71.13141956110539,190,49
2026-01-26 02:00:00,2,16.897241428927842,64.92214345722694,197,56
2026-01-26 02:10:00,2,11.822341301781874,57.72806610023317,122,31
2026-01-26 02:20:00,2,15.603968061312813,63.840618012107036,87,58
2026-01-26 02:30:00,2,16.722345153608273,64.45934431101234,176,34
2026-01-26 02:40:00,2,16.650597092176724,65.86496292414438,109,35
2026-01-26 02:50:00,2,13.275672363080572,72.99264954163573,14,38
2026-01-26 03:00:00,3,16.54451385020824,70.04755824205401,173,58
2026-01-26 03:10:00,3,16.039904535511273,65.57779054762709,15,36
2026-01-26 03:20:00,3,16.15248031234313,69.23183478853319,112,40
2026-01-26 03:30:00,3,17.631054288827183,66.09497355182538,157,45
2026-01-26 03:40:00,3,16.97002555211315,56.69090914121243,44,41
2026-01-26 03:50:00,3,15.409447454573495,56.999928703818355,144,43
2026-01-26 04:00:00,4,18.305943460082116,51.09055045794235,133,58
2026-01-26 04:10:00,4,18.62745013215427,72.57762881537217,117,54
2026-01-26 04:20:00,4,18.32091583450229,55.74962773756173,27,48
2026-01-26 04:30:00,4,18.28626957372999,57.28098389847591,63,47
2026-01-26 04:40:00,4,16.253248074188814,61.336243324016095,62,56
2026-01-26 04:50:00,4,19.45784241082993,49.392093253860395,110,56
2026-01-26 05:00:00,5,19.238196482527812,64.99897406072645,70,49
2026-01-26 05:10:00,5,21.020666845070245,55.704544546246694,75,37
2026-01-26 05:20:00,5,19.623303246092945,59.19316184522223,179,53
2026-01-26 05:30:00,5,20.997344419623357,53.14658644222138,198,53
2026-01-26 05:40:00,5,20.55803472068131,59.78481217206482,19,38
2026-01-26 05:50:00,5,20.702090559153277,60.134450984526914,119,33
2026-01-26 06:00:00,6,21.740608467674427,59.70713865772375,943,58
2026-01-26 06:10:00,6,19.224482617640646,56.98369939503292,625,54
2026-01-26 06:20:00,6,19.66596185247607,61.289167475433295,746,39
2026-01-26 06:30:00,6,19.005089551752757,66.21870917054548,815,37
2026-01-26 06:40:00,6,17.88099024594376,55.197346385192745,654,36
2026-01-26 06:50:00,6,18.447779268950654,60.36982037670946,769,54
2026-01-26 07:00:00,7,20.658169958306217,64.14871859105428,603,75
2026-01-26 07:10:00,7,20.398648073777267,56.557557363796,917,68
2026-01-26 07:20:00,7,19.61486014355963,58.47742547666207,952,86
2026-01-26 07:30:00,7,19.295045166282478,57.169662026081824,701,87
2026-01-26 07:40:00,7,18.19620459590176,46.6850230733704,958,81
2026-01-26 07:50:00,7,19.411821521403947,57.276775844228396,622,63
2026-01-26 08:00:00,8,20.814908219927823,71.80498385278128,821,77
2026-01-26 08:10:00,8,20.832800822975408,63.24879831626598,725,65
2026-01-26 08:20:00,8,18.26192715538839,62.53806251802094,828,69
2026-01-26 08:30:00,8,21.569950201263026,48.56097849568031,647,65
2026-01-26 08:40:00,8,19.88893922737278,63.94047575558734,966,85
2026-01-26 08:50:00,8,16.86252557540601,55.5962885612612,600,63
2026-01-26 09:00:00,9,18.53599457227314,66.02062206559587,773,62
2026-01-26 09:10:00,9,16.035956213862853,65.46310504533565,838,73
2026-01-26 09:20:00,9,16.019530781423626,56.98052093677829,790,76
2026-01-26 09:30:00,9,17.65545001895242,60.57045982004212,824,76
2026-01-26 09:40:00,9,15.631469800142863,57.592466121269894,852,80
2026-01-26 09:50:00,9,17.812037558519044,63.685452006789745,807,65
2026-01-26 10:00:00,10,15.488663507924029,55.79182113430559,796,39
2026-01-26 10:10:00,10,12.795638589044447,64.90571887866311,956,44
2026-01-26 10:20:00,10,15.607616016405181,56.16456214921298,988,46
2026-01-26 10:30:00,10,13.549706167100274,61.969461098856115,687,36
2026-01-26 10:40:00,10,12.779096779656513,63.798978142125605,691,40
2026-01-26 10:50:00,10,16.87033357487268,67.14703494444369,768,36
2026-01-26 11:00:00,11,14.447350556282618,69.92887726012731,635,55
2026-01-26 11:10:00,11,10.205859352106792,66.36684901916007,940,37
2026-01-26 11:20:00,11,12.990344663621395,63.9799547032598,876,48
2026-01-26 11:30:00,11,13.769343844500437,66.53555608618953,644,30
2026-01-26 11:40:00,11,12.744053281726293,69.81901913576351,853,59
2026-01-26 11:50:00,11,13.888981391352134,67.27018801892669,805,50
2026-01-26 12:00:00,12,9.30483443314413,67.58164535428247,952,53
2026-01-26 12:10:00,12,10.925996611902677,74.75625282212148,700,52
2026-01-26 12:20:00,12,11.391083993645308,77.20887301127999,814,47
2026-01-26 12:30:00,12,11.977013233827048,69.56968327085569,920,58
2026-01-26 12:40:00,12,9.219857209700455,69.18821455393189,973,52
2026-01-26 12:50:00,12,11.59274631417719,74.35832595226216,915,59
2026-01-26 13:00:00,13,7.163538839429357,76.89468486870918,726,42
2026-01-26 13:10:00,13,8.536912584931855,72.0371561241447,777,57
2026-01-26 13:20:00,13,6.809672090224391,65.09205197577089,609,43
2026-01-26 13:30:00,13,7.214491385204735,71.05268833286853,777,45
2026-01-26 13:40:00,13,9.663872844981928,70.50866549553702,647,58
2026-01-26 13:50:00,13,9.606933926580101,70.09303567191787,954,38
2026-01-26 14:00:00,14,7.6089831275652005,76.09774294827578,806,38
2026-01-26 14:10:00,14,6.082698847797309,78.59202653087328,862,38
2026-01-26 14:20:00,14,4.815110368236761,76.36704651289732,778,52
2026-01-26 14:30:00,14,4.583471154197123,84.56071843920101,879,32
2026-01-26 14:40:00,14,7.35244355005371,77.03610532658351,615,49
2026-01-26 14:50:00,14,5.735069940229739,74.14515519924491,739,32
2026-01-26 15:00:00,15,1.8600862518271095,72.86519276878302,955,44
2026-01-26 15:10:00,15,1.4285259991591759,74.14018803947116,785,41
2026-01-26 15:20:00,15,0.3530146877916578,77.88427857614307,741,42
2026-01-26 15:30:00,15,3.4704901073924077,82.65827215866423,941,55
2026-01-26 15:40:00,15,0.8458752439704931,71.104853031553,601,55
2026-01-26 15:50:00,15,2.2449985984769913,73.32111149722333,964,38
2026-01-26 16:00:00,16,0.018216889454911067,82.38713048608979,664,31
2026-01-26 16:10:00,16,0.6210748154891441,88.49128019446077,928,35
2026-01-26 16:20:00,16,1.0410263141596334,80.65931077115596,794,44
2026-01-26 16:30:00,16,-2.008555778733622,81.83546412523197,990,33
2026-01-26 16:40:00,16,-0.0345863084510567,68.4060888196006,665,56
2026-01-26 16:50:00,16,2.9985148017775862,79.61448874364517,689,33
2026-01-26 17:00:00,17,-0.893300011985203,75.05189237897787,917,66
2026-01-26 17:10:00,17,3.0274213956653075,80.55523356266907,870,75
2026-01-26 17:20:00,17,-0.08141623149752009,77.15807749153647,852,87
2026-01-26 17:30:00,17,1.4376599569748427,77.69386104237302,910,61
2026-01-26 17:40:00,17,3.5690570942169235,82.78806143363836,983,60
2026-01-26 17:50:00,17,0.5008076195200855,79.83293666882753,761,66
2026-01-26 18:00:00,18,-0.4820984639353695,78.58935708532229,928,66
2026-01-26 18:10:00,18,2.0473191591703,91.75954973525994,625,74
2026-01-26 18:20:00,18,-1.8371601493982164,84.6531241748767,876,70
2026-01-26 18:30:00,18,-1.9866330237028418,80.36641892370473,737,64
2026-01-26 18:40:00,18,-1.1185711250361519,74.19860936095954,786,89
2026-01-26 18:50:00,18,-2.2392329357405134,79.05553030800064,641,87
2026-01-26 19:00:00,19,-0.7312316261324656,84.32252775418853,7,80
2026-01-26 19:10:00,19,-0.4215775620513179,81.17910441811628,46,76
2026-01-26 19:20:00,19,0.7163849917983747,80.702371194202,195,74
2026-01-26 19:30:00,19,-0.2856857712890766,76.48448933196812,177,89
2026-01-26 19:40:00,19,1.2228556877788501,79.10297198845382,54,74
2026-01-26 19:50:00,19,1.2016791132370197,76.4140220123763,173,65
2026-01-26 20:00:00,20,2.739310859449408,73.47091184370446,193,45
2026-01-26 20:10:00,20,1.3129199212500304,75.32430632929179,46,31
2026-01-26 20:20:00,20,-1.2863328902300806,78.46171702736508,119,31
2026-01-26 20:30:00,20,1.578190241630941,73.45240146365407,75,42
2026-01-26 20:40:00,20,2.507873022103843,79.67805208221183,120,42
2026-01-26 20:50:00,20,-0.35142084051543243,75.27461061497344,57,40
2026-01-26 21:00:00,21,1.629079467559718,77.37419466676367,53,50
2026-01-26 21:10:00,21,2.564542951627857,75.74930986378577,8,59
2026-01-26 21:20:00,21,3.72820565375941,80.65585369797276,2,58
2026-01-26 21:30:00,21,2.0210686271833675,89.34214570335651,115,49
2026-01-26 21:40:00,21,1.590460825588115,84.05197556635103,25,37
2026-01-26 21:50:00,21,3.5293686995507816,76.76388763441244,147,39
2026-01-26 22:00:00,22,5.2062766983346105,75.74850960571675,26,35
2026-01-26 22:10:00,22,6.900444158310906,81.44711534149603,144,56
2026-01-26 22:20:00,22,4.623662026140253,76.85928141730317,106,45
2026-01-26 22:30:00,22,6.867715194157369,76.32210005436427,198,49
2026-01-26 22:40:00,22,4.736932191808356,76.38689243462402,36,49
2026-01-26 22:50:00,22,4.266811851578163,76.1678858069703,130,35
2026-01-26 23:00:00,23,5.096430119643329,70.11629112605304,188,35
2026-01-26 23:10:00,23,7.839925503792998,63.71379873506665,199,40
2026-01-26 23:20:00,23,9.583095166551129,68.33489712157892,170,33
2026-01-26 23:30:00,23,6.731525711387111,73.23360122184391,40,59
2026-01-26 23:40:00,23,6.767405508422987,74.47441398701895,25,30
2026-01-26 23:50:00,23,5.494711264149546,67.26506383677086,144,33
2026-01-27 00:00:00,0,10.029476761420716,71.12879548947294,126,45
2026-01-27 00:10:00,0,10.06117276736285,60.56177908278541,78,58
2026-01-27 00:20:00,0,8.262563688310868,63.67666193926629,186,47
2026-01-27 00:30:00,0,10.141566269017051,67.93640196557357,131,53
2026-01-27 00:40:00,0,9.274260289194869,71.37248239338174,76,43
2026-01-27 00:50:00,0,13.019701127942746,69.6048948872977,87,56
2026-01-27 01:00:00,1,11.730830093646018,71.13690377160299,136,45
2026-01-27 01:10:00,1,13.141212276470094,78.79945423104321,16,34
2026-01-27 01:20:00,1,13.307002123425136,57.624013045716985,6,33
2026-01-27 01:30:00,1,13.819997428468264,59.309469397881195,174,33
2026-01-27 01:40:00,1,13.941081923655414,55.369322960955216,62,52
2026-01-27 01:50:00,1,9.309734542239537,66.99382136785898,192,40
2026-01-27 02:00:00,2,14.531383738206053,74.82396481289204,155,49
2026-01-27 02:10:00,2,13.619160414326371,73.20470536618107,64,43
2026-01-27 02:20:00,2,15.60457013178144,66.90819468989493,36,45
2026-01-27 02:30:00,2,14.485495046004772,57.23116563536605,186,45
2026-01-27 02:40:00,2,15.402843713336994,64.93424267720637,136,46
2026-01-27 02:50:00,2,13.845421936701706,68.39803076012922,109,59
2026-01-27 03:00:00,3,17.778342555264754,65.97975872741372,153,40
2026-01-27 03:10:00,3,16.07584356935557,62.145870522800585,39,59
2026-01-27 03:20:00,3,19.1028309773949,65.91892746768609,144,57
2026-01-27 03:30:00,3,18.94597376762955,66.06840916224245,159,38
2026-01-27 03:40:00,3,16.18092456031589,58.650594614742964,136,51
2026-01-27 03:50:00,3,16.37198428462524,64.20709875646162,48,35
2026-01-27 04:00:00,4,19.15340970177833,55.392175108263984,57,46
2026-01-27 04:10:00,4,19.325451353489242,61.201805505297706,20,39
2026-01-27 04:20:00,4,17.47786471662302,55.2618737991125,20,36
2026-01-27 04:30:00,4,19.229441264969402,64.79936192751381,113,41
2026-01-27 04:40:00,4,21.0735126821735,66.08587722491478,11,41
2026-01-27 04:50:00,4,20.266092453751526,62.40469460499948,76,30
2026-01-27 05:00:00,5,21.579132590559286,57.48377439875731,129,58
2026-01-27 05:10:00,5,20.282841718316895,55.55125024170486,33,34
2026-01-27 05:20:00,5,21.363752630098038,67.8042598812321,39,51
2026-01-27 05:30:00,5,23.672522577787838,55.233345402672185,33,43
2026-01-27 05:40:00,5,19.27227242976852,56.65152053877931,78,41
2026-01-27 05:50:00,5,19.567571004611313,59.085882518761316,149,32
2026-01-27 06:00:00,6,19.69841840590218,57.379248839213524,983,55
2026-01-27 06:10:00,6,19.728015054687397,54.8045748899709,813,43
2026-01-27 06:20:00,6,20.72686254563544,58.323683149322754,783,39
2026-01-27 06:30:00,6,19.223490033197596,55.964480581297465,726,59
2026-01-27 06:40:00,6,22.969772226587907,55.498144046750184,894,38
2026-01-27 06:50:00,6,20.798866048513844,53.93382093966746,738,30
2026-01-27 07:00:00,7,19.662118426943575,62.41291734574504,673,84
2026-01-27 07:10:00,7,20.618504014288284,69.76003060288433,947,85
2026-01-27 07:20:00,7,22.031002426697746,52.08463279357057,810,81
2026-01-27 07:30:00,7,18.1609285678821,60.43383068085038,866,70
2026-01-27 07:40:00,7,19.004080207370563,57.869449101369305,876,86
2026-01-27 07:50:00,7,18.788552260737603,68.89912909536395,935,69
2026-01-27 08:00:00,8,17.005631819926688,65.99760190184014,779,76
2026-01-27 08:10:00,8,18.480128749813467,57.735144735243615,674,68
2026-01-27 08:20:00,8,15.69368598709826,69.47412951308763,616,70
2026-01-27 08:30:00,8,16.148649701392557,52.03664330697093,880,64
2026-01-27 08:40:00,8,20.36827507358723,70.9878822989782,782,63
2026-01-27 08:50:00,8,18.359825456831395,62.41692701694157,645,76
2026-01-27 09:00:00,9,18.09948291722683,49.9333711101557,644,73
2026-01-27 09:10:00,9,17.032730976456747,70.9174155196743,630,65
2026-01-27 09:20:00,9,17.04265707499568,69.2156784228666,880,68
2026-01-27 09:30:00,9,18.813275824036182,68.74802469559532,958,81
2026-01-27 09:40:00,9,16.25675389250042,60.4283681239471,988,78
2026-01-27 09:50:00,9,17.55132322836117,62.373488983495506,782,83
2026-01-27 10:00:00,10,15.698714066710929,63.59457486459349,684,30
2026-01-27 10:10:00,10,16.546453293487225,60.79388875896088,846,52
2026-01-27 10:20:00,10,15.341192668718115,65.60008391338415,980,37
2026-01-27 10:30:00,10,16.310857386942214,58.86758517872954,847,38
2026-01-27 10:40:00,10,13.279469294581663,57.29262154213164,896,54
2026-01-27 10:50:00,10,12.606194251024682,62.026725486798796,943,56
2026-01-27 11:00:00,11,13.500705354754615,69.0049270645015,804,30
2026-01-27 11:10:00,11,12.548968004474352,69.6001493815202,640,57
2026-01-27 11:20:00,11,12.73324463721686,68.95447163782478,666,56
2026-01-27 11:30:00,11,13.08267020659216,71.16569444788463,737,40
2026-01-27 11:40:00,11,13.583589398210243,73.1376084811983,866,41
2026-01-27 11:50:00,11,14.046287098696805,63.527527030015754,652,39
2026-01-27 12:00:00,12,10.784333352124362,59.764509765615756,920,53
2026-01-27 12:10:00,12,11.608663503822484,71.1419715870201,778,42
2026-01-27 12:20:00,12,9.210122479211174,66.33513170450675,945,38
2026-01-27 12:30:00,12,11.076036907905298,73.78107213687215,678,45
2026-01-27 12:40:00,12,10.874419461945756,59.06295645220465,890,39
2026-01-27 12:50:00,12,8.197238590387125,67.61632123183468,870,32
2026-01-27 13:00:00,13,8.62642977313471,75.58151441711105,682,32
2026-01-27 13:10:00,13,9.840530909859273,68.73216952537423,680,56
2026-01-27 13:20:00,13,7.528906551662116,79.22960085883457,981,41
2026-01-27 13:30:00,13,8.099828151855798,73.20342328490813,610,30
2026-01-27 13:40:00,13,9.465269509014714,60.180787929941545,810,44
2026-01-27 13:50:00,13,7.893348623764218,71.38624048132726,803,52
2026-01-27 14:00:00,14,4.791094457319978,74.36912770712405,848,34
2026-01-27 14:10:00,14,5.43553037788346,70.09729428914497,779,40
2026-01-27 14:20:00,14,3.926976929965492,69.84302659041906,805,36
2026-01-27 14:30:00,14,6.026628430636317,84.48759643987829,922,32
2026-01-27 14:40:00,14,6.92010782489198,65.81585546200618,751,59
2026-01-27 14:50:00,14,4.235606986287893,72.25489918204347,780,57
2026-01-27 15:00:00,15,6.051424746825796,75.32978558801088,943,40
2026-01-27 15:10:00,15,5.359221278150054,77.63271334463622,997,33
2026-01-27 15:20:00,15,5.024377794811096,78.98183779281321,796,38
2026-01-27 15:30:00,15,2.705042086330704,79.61629673997574,944,33
2026-01-27 15:40:00,15,2.609976197676032,85.53374756926465,903,36
2026-01-27 15:50:00,15,3.9105579351649284,79.65420100541269,667,33
2026-01-27 16:00:00,16,1.4316710517977271,89.46801161044209,791,40
2026-01-27 16:10:00,16,2.4681841600081995,80.81694673140754,600,51
2026-01-27 16:20:00,16,1.7723024853950673,74.33819006261282,708,37
2026-01-27 16:30:00,16,0.06159532603694262,84.37991026243796,653,48
2026-01-27 16:40:00,16,-0.3589754349807657,77.6067640392902,970,49
2026-01-27 16:50:00,16,2.4295565938073693,85.09109810732448,875,52
2026-01-27 17:00:00,17,1.019892908227069,76.9701349513823,674,71
2026-01-27 17:10:00,17,1.5568618486918915,79.98142935144294,852,77
2026-01-27 17:20:00,17,-1.067046447368742,80.36467048896189,608,85
2026-01-27 17:30:00,17,-3.129316585718695,77.28995694803035,981,60
2026-01-27 17:40:00,17,2.220494987765424,80.2461652575046,743,64
2026-01-27 17:50:00,17,0.8033800358414973,72.77827665280994,867,72
2026-01-27 18:00:00,18,-0.7078770804388737,87.09012109295965,757,83
2026-01-27 18:10:00,18,-1.7889783820605423,78.02019286272632,611,85
2026-01-27 18:20:00,18,2.0248393462295398,84.76374457668075,887,65
2026-01-27 18:30:00,18,0.5641900990494056,79.79597780716946,803,66
2026-01-27 18:40:00,18,-0.20437239859880335,81.71715151767921,604,70
2026-01-27 18:50:00,18,-1.1931662959828455,85.50009665681549,800,89
2026-01-27 19:00:00,19,-2.400347307209173,70.12889150840694,146,87
2026-01-27 19:10:00,19,-3.581366893405328,66.49778898122108,48,88
2026-01-27 19:20:00,19,-0.8202118536582974,84.37074981147023,135,80
2026-01-27 19:30:00,19,0.931382468585426,72.08390705537619,78,80
2026-01-27 19:40:00,19,2.96858362082176,80.41062547654114,83,74
2026-01-27 19:50:00,19,0.42755492248458166,82.61273699245226,152,62
2026-01-27 20:00:00,20,-0.05727192893959043,74.00807506328451,88,53
2026-01-27 20:10:00,20,4.419179782049962,72.31228849310763,143,50
2026-01-27 20:20:00,20,-0.18411733093157756,73.55448078755452,67,42
2026-01-27 20:30:00,20,1.1711475040736357,76.70799674870271,50,36
2026-01-27 20:40:00,20,0.5194337321500759,77.11334463908216,85,53
2026-01-27 20:50:00,20,0.9653232540860849,72.49285775123045,30,36
2026-01-27 21:00:00,21,1.8013629454879663,81.34543746271072,105,35
2026-01-27 21:10:00,21,1.9482155245286163,71.24897749547952,17,42
2026-01-27 21:20:00,21,5.221660987034101,71.21922945429905,5,30
2026-01-27 21:30:00,21,3.9892649161685343,78.79668251963135,87,31
2026-01-27 21:40:00,21,3.4398646980395555,83.55599885543427,23,45
2026-01-27 21:50:00,21,0.6528484356144153,73.13190880741675,82,52
2026-01-27 22:00:00,22,4.735297307415179,74.36513399900132,71,36
2026-01-27 22:10:00,22,6.802504950826977,73.06638920893734,106,59
2026-01-27 22:20:00,22,3.281481006720734,82.14914679916417,6,50
2026-01-27 22:30:00,22,4.082376015769909,73.59209350355816,104,47
2026-01-27 22:40:00,22,5.364876484193308,77.42648006853291,97,51
2026-01-27 22:50:00,22,5.44393061725434,76.67609418409978,64,30
2026-01-27 23:00:00,23,8.087373359627868,75.42001845732251,193,58
2026-01-27 23:10:00,23,9.343483903108169,69.31534898402784,106,38
2026-01-27 23:20:00,23,7.037256342938461,73.4758666025519,101,54
2026-01-27 23:30:00,23,6.43312500985704,74.29628392648361,157,49
2026-01-27 23:40:00,23,8.086635091386642,70.94756450365351,70,32
2026-01-27 23:50:00,23,7.109077113424995,72.78138076512589,67,51
2026-01-28 00:00:00,0,9.750922987100902,67.98363859297797,54,33
2026-01-28 00:10:00,0,8.132142370854485,67.33205363653046,1,58
2026-01-28 00:20:00,0,9.158576547495578,71.12562762449036,16,42
2026-01-28 00:30:00,0,10.202101590286961,69.40300066673676,108,35
2026-01-28 00:40:00,0,9.427836749261262,60.48645862051244,149,44
2026-01-28 00:50:00,0,8.245383881962415,61.99911318793347,7,36
2026-01-28 01:00:00,1,11.49960472574369,71.43434437306266,7,48
2026-01-28 01:10:00,1,12.527102280764614,60.57877014278232,65,55
2026-01-28 01:20:00,1,10.752033247731722,64.6626397368892,85,44
2026-01-28 01:30:00,1,14.544888370423084,68.50925137370704,152,49
2026-01-28 01:40:00,1,11.787861181297057,67.83504970730687,66,53
2026-01-28 01:50:00,1,13.542911046495536,66.22406615756725,190,52
2026-01-28 02:00:00,2,16.997669042870456,65.15004286717428,172,33
2026-01-28 02:10:00,2,15.630865349526406,64.76482076758613,92,47
2026-01-28 02:20:00,2,12.295956606409176,74.22832071165215,191,54
2026-01-28 02:30:00,2,16.030400436994128,61.315690452015005,157,47
2026-01-28 02:40:00,2,15.67749020377755,60.16012342916148,30,48
2026-01-28 02:50:00,2,15.57112674254585,72.8751852520614,143,52
2026-01-28 03:00:00,3,19.58530821601951,72.17650861052996,139,47
2026-01-28 03:10:00,3,15.331644021715254,60.411819006661275,139,43
2026-01-28 03:20:00,3,20.043413489806888,58.13614309367827,158,36
2026-01-28 03:30:00,3,17.596827250577586,57.690340480170946,109,56
2026-01-28 03:40:00,3,16.5440824780925,64.71499599029801,71,35
2026-01-28 03:50:00,3,17.154970104635993,67.34262213424518,135,41
2026-01-28 04:00:00,4,19.560544901930868,59.17873415036375,98,35
2026-01-28 04:10:00,4,20.685762434039944,62.52423295907085,197,45
2026-01-28 04:20:00,4,19.574526413935914,59.981918818461885,194,51
2026-01-28 04:30:00,4,20.127055850819275,65.59676932576535,162,44
2026-01-28 04:40:00,4,20.468244884613817,61.4905498087473,192,57
2026-01-28 04:50:00,4,17.20769023818987,58.64951539726409,51,59
2026-01-28 05:00:00,5,16.247874908296268,55.7887990548072,47,31
2026-01-28 05:10:00,5,19.54238155766119,73.89385685210543,53,47
2026-01-28 05:20:00,5,18.15476483461179,55.163386497950704,138,56
2026-01-28 05:30:00,5,19.68490389085267,46.522479811277535,16,30
2026-01-28 05:40:00,5,19.51880883678752,53.13217621211407,175,39
2026-01-28 05:50:00,5,21.34205272602354,62.415058290863854,129,39
2026-01-28 06:00:00,6,20.14005916341544,62.03606051632044,771,42
2026-01-28 06:10:00,6,18.64622574766178,61.701099542548626,708,40
2026-01-28 06:20:00,6,16.65385180713874,66.19446030613871,839,34
2026-01-28 06:30:00,6,21.644326613969618,56.61829507251204,909,58
2026-01-28 06:40:00,6,20.29281652855862,70.59703875103514,612,41
2026-01-28 06:50:00,6,20.332451588549816,58.48928730334924,646,47
2026-01-28 07:00:00,7,20.775511905537783,63.645774076242134,972,61
2026-01-28 07:10:00,7,18.193345967313082,55.53914873719808,720,75
2026-01-28 07:20:00,7,21.493960602971075,54.70482195602475,619,78
2026-01-28 07:30:00,7,19.321331227735033,57.62667479055405,753,61
2026-01-28 07:40:00,7,22.27344987346919,64.06958226295188,720,68
2026-01-28 07:50:00,7,18.65190108407927,56.92773621924676,969,76
2026-01-28 08:00:00,8,16.36175637458163,60.97798091863387,876,68
2026-01-28 08:10:00,8,18.56625463454933,56.87128740696798,852,79
2026-01-28 08:20:00,8,19.841008538481613,55.51446479136826,660,69
2026-01-28 08:30:00,8,18.35275460520812,61.22607945693958,858,60
2026-01-28 08:40:00,8,16.046285566000282,55.17814486216262,620,66
2026-01-28 08:50:00,8,18.708364046659945,62.20167158086725,715,82
2026-01-28 09:00:00,9,18.331469656690082,65.2277401671156,793,74
2026-01-28 09:10:00,9,15.703468077778938,71.00354766944118,828,84
2026-01-28 09:20:00,9,18.046998814219467,64.92446348845273,964,66
2026-01-28 09:30:00,9,16.064430237399797,63.8093010754596,934,87
2026-01-28 09:40:00,9,20.211238295159625,67.78114944512083,624,79
2026-01-28 09:50:00,9,16.553309670750448,60.1593445314211,653,63
2026-01-28 10:00:00,10,16.074702409238057,71.81330546466204,917,37
2026-01-28 10:10:00,10,14.396706779718452,73.63034536250909,698,34
2026-01-28 10:20:00,10,17.231981018383337,71.25546076561427,681,46
2026-01-28 10:30:00,10,15.479288628107383,74.78380096003751,643,49
2026-01-28 10:40:00,10,14.818268282935763,65.18702729766402,883,35
2026-01-28 10:50:00,10,13.062922493799956,72.18499924498954,758,34
2026-01-28 11:00:00,11,13.747929480615245,73.32488543681004,823,49
2026-01-28 11:10:00,11,13.680909630375671,67.60538512020513,894,47
2026-01-28 11:20:00,11,13.872636308357842,68.6150314714055,967,51
2026-01-28 11:30:00,11,11.257419016913804,65.44528649091214,805,47
2026-01-28 11:40:00,11,13.745052664640626,68.9052087814518,768,34
2026-01-28 11:50:00,11,14.63120422383033,66.66974734406638,993,36
2026-01-28 12:00:00,12,11.123392289299206,69.66962974846807,647,58
2026-01-28 12:10:00,12,8.966891728985651,63.20582706217105,610,42
2026-01-28 12:20:00,12,9.999598694459117,66.0906816491438,627,40
2026-01-28 12:30:00,12,11.023471696996836,75.69011490971948,882,43
2026-01-28 12:40:00,12,10.34531422658086,77.86988690579379,638,47
2026-01-28 12:50:00,12,9.095970624246963,79.41696177112456,963,32
2026-01-28 13:00:00,13,5.91498978756317,67.34588700224609,889,48
2026-01-28 13:10:00,13,7.037395173646619,73.23931401476187,766,32
2026-01-28 13:20:00,13,5.9051929158741565,74.7636967380554,728,40
2026-01-28 13:30:00,13,10.331870681818767,73.58027068756914,979,58
2026-01-28 13:40:00,13,6.088859664239136,71.84208670867902,952,52
2026-01-28 13:50:00,13,9.51785081629729,66.53417362372613,744,52
2026-01-28 14:00:00,14,5.001554118292341,71.91153135458711,747,46
2026-01-28 14:10:00,14,4.276007386643288,79.36404817205347,871,54
2026-01-28 14:20:00,14,3.837226022851338,80.21765989222818,794,31
2026-01-28 14:30:00,14,7.575226316905683,73.64316802024865,682,40
2026-01-28 14:40:00,14,6.295214984703554,77.55097149047423,975,43
2026-01-28 14:50:00,14,6.130498016136553,84.09013327756263,829,37
2026-01-28 15:00:00,15,1.4322135205452955,86.04338886158646,858,34
2026-01-28 15:10:00,15,4.855041861770183,75.7652935969883,673,30
2026-01-28 15:20:00,15,3.601541354643761,80.74060639773944,866,31
2026-01-28 15:30:00,15,1.2868654276451537,77.41914124989822,731,33
2026-01-28 15:40:00,15,4.917513662042838,79.29376135953106,921,43
2026-01-28 15:50:00,15,3.4867450437020358,65.55968335495399,777,51
2026-01-28 16:00:00,16,2.850250266846634,84.53983303167104,851,31
2026-01-28 16:10:00,16,0.6038368958702424,81.6419527078716,759,38
2026-01-28 16:20:00,16,1.173935880817877,79.82946341538864,898,55
2026-01-28 16:30:00,16,0.3234710740613882,78.27192663639723,711,33
2026-01-28 16:40:00,16,2.0580874977896597,82.74180769309991,684,58
2026-01-28 16:50:00,16,1.6409134020437506,78.08011604765834,713,30
2026-01-28 17:00:00,17,0.7240851449243173,71.36945986382548,951,79
2026-01-28 17:10:00,17,-1.6376049760963203,82.40033960605152,992,83
2026-01-28 17:20:00,17,-2.7021753621094886,91.14196831414,908,63
2026-01-28 17:30:00,17,-2.709047474381733,79.11624724913266,676,75
2026-01-28 17:40:00,17,2.220372549526264,72.95203010931378,664,80
2026-01-28 17:50:00,17,-1.703009554724829,74.39558174332427,885,86
2026-01-28 18:00:00,18,1.6878519907442784,78.76411738495145,822,64
2026-01-28 18:10:00,18,1.8376846156414224,85.82216142782701,692,78
2026-01-28 18:20:00,18,-1.4797645137317845,79.15868699814025,721,75
2026-01-28 18:30:00,18,0.8741319278906674,76.23453369828253,895,65
2026-01-28 18:40:00,18,0.32248081449078875,80.80437693965517,710,86
2026-01-28 18:50:00,18,-0.14730048961297038,75.36180304103254,804,69
2026-01-28 19:00:00,19,3.4572299576640084,81.63383862728831,16,81
2026-01-28 19:10:00,19,0.7934729047416432,79.42776570654468,56,70
2026-01-28 19:20:00,19,-1.7609798174648583,84.54453677493484,4,87
2026-01-28 19:30:00,19,-2.5065759834848556,85.42404539921648,173,69
2026-01-28 19:40:00,19,-1.928486871515784,79.51773730191869,176,71
2026-01-28 19:50:00,19,-1.5397474249335015,75.51823433944848,78,71
2026-01-28 20:00:00,20,2.624104616677169,73.41411267842278,143,37
2026-01-28 20:10:00,20,1.305624143864659,74.53666660181302,124,49
2026-01-28 20:20:00,20,0.36345972403894256,77.3071641339286,0,50
2026-01-28 20:30:00,20,3.1076193830757024,81.54612215587977,174,50
2026-01-28 20:40:00,20,2.2309933588444837,90.97007128491765,112,37
2026-01-28 20:50:00,20,1.653203576671364,87.50406392120922,151,57
2026-01-28 21:00:00,21,3.1189645322067094,80.08894695324155,42,48
2026-01-28 21:10:00,21,0.9126189105089231,75.44639694143865,101,53
2026-01-28 21:20:00,21,0.9241284925237472,75.10681298878156,36,47
2026-01-28 21:30:00,21,2.689501539929385,79.65545064233254,127,56
2026-01-28 21:40:00,21,2.4393905147111883,76.98903876483176,164,34
2026-01-28 21:50:00,21,3.974282199072555,78.32723457681975,34,47
2026-01-28 22:00:00,22,5.134962602853731,70.44265809520587,37,44
2026-01-28 22:10:00,22,4.646664054489987,81.95843116060317,142,40
2026-01-28 22:20:00,22,3.0935215694098956,82.13479045856384,164,58
2026-01-28 22:30:00,22,5.588121518156456,78.59182091079458,84,51
2026-01-28 22:40:00,22,6.117166411903586,76.75740659860399,161,46
2026-01-28 22:50:00,22,6.800242050397388,86.60670963934353,95,36
2026-01-28 23:00:00,23,7.005613530764496,73.86019909910898,113,41
2026-01-28 23:10:00,23,6.721854577561319,69.14228046334338,100,35
2026-01-28 23:20:00,23,6.588491401553554,67.88345967987448,191,49
2026-01-28 23:30:00,23,7.141982765088787,75.46894844277305,159,45
2026-01-28 23:40:00,23,7.199983569172814,74.89844651116553,177,54
2026-01-28 23:50:00,23,6.682541313155511,73.29705688857574,51,57
2026-01-29 00:00:00,0,9.801371744621845,76.55111174977186,14,47
2026-01-29 00:10:00,0,10.578553710331269,67.67735703814718,126,40
2026-01-29 00:20:00,0,8.326116231769447,71.53486939679226,138,50
2026-01-29 00:30:00,0,8.565079121467656,71.92488578229009,70,56
2026-01-29 00:40:00,0,9.452706540568611,66.97095117133351,96,51
2026-01-29 00:50:00,0,7.934074386467444,67.80856891020811,193,34
2026-01-29 01:00:00,1,14.83263415649011,65.4214431587997,2,55
2026-01-29 01:10:00,1,13.730650668342335,65.92461538623746,43,47
2026-01-29 01:20:00,1,13.074691354290383,72.84848765772882,130,42
2026-01-29 01:30:00,1,13.122994718838246,68.33271496173734,159,35
2026-01-29 01:40:00,1,14.143549676293935,59.86259663614482,21,32
2026-01-29 01:50:00,1,10.3308659970516,72.23860109180808,12,39
2026-01-29 02:00:00,2,15.777638658429362,66.94308345574066,55,57
2026-01-29 02:10:00,2,14.76394755372611,62.17989090746843,124,58
2026-01-29 02:20:00,2,17.395291055516864,67.77628170806462,189,32
2026-01-29 02:30:00,2,15.751095268288978,74.06746465444911,77,32
2026-01-29 02:40:00,2,15.382297772817369,69.09326092039865,178,53
2026-01-29 02:50:00,2,16.21124904043619,69.51842354037574,115,35
2026-01-29 03:00:00,3,18.777611573167537,62.04668364413513,104,35
2026-01-29 03:10:00,3,21.052264559698433,74.66067917527887,112,59
2026-01-29 03:20:00,3,18.118133053737832,62.0584268754964,65,38
2026-01-29 03:30:00,3,18.76181312151208,64.04370253743596,43,51
2026-01-29 03:40:00,3,15.798543965153826,65.6239190732125,191,50
2026-01-29 03:50:00,3,18.48963989737559,69.08901311354778,197,49
2026-01-29 04:00:00,4,17.98966784560892,68.62268503527602,192,42
2026-01-29 04:10:00,4,18.17883058144137,67.07111195575291,89,50
2026-01-29 04:20:00,4,16.658494914400233,63.74403994701798,149,58
2026-01-29 04:30:00,4,19.076542354649312,56.95187456113024,15,31
2026-01-29 04:40:00,4,20.467417876962926,64.46084277536498,30,38
2026-01-29 04:50:00,4,18.858120434226073,61.64370490986778,42,36
2026-01-29 05:00:00,5,24.5201317913107,65.13372324106338,46,48
2026-01-29 05:10:00,5,22.680470137632025,57.30749231513167,88,52
2026-01-29 05:20:00,5,19.36808002597676,66.62879541425151,147,59
2026-01-29 05:30:00,5,19.699019297976402,56.55099451907526,189,56
2026-01-29 05:40:00,5,19.35053886104888,60.16108485393419,56,59
2026-01-29 05:50:00,5,20.311668215047984,68.25026081684676,124,48
2026-01-29 06:00:00,6,20.075530279116784,62.8139853056185,944,55
2026-01-29 06:10:00,6,18.768487143694223,56.52332551323527,698,50
2026-01-29 06:20:00,6,17.513001118305404,57.093143939988465,907,57
2026-01-29 06:30:00,6,20.233989230491094,61.566235648149515,623,56
2026-01-29 06:40:00,6,20.18866968544239,58.3228603712639,823,50
2026-01-29 06:50:00,6,19.543473358657558,63.94065240516872,935,32
2026-01-29 07:00:00,7,20.611113689251667,58.40868190996547,718,64
2026-01-29 07:10:00,7,18.647570043449008,60.577354172526256,848,88
2026-01-29 07:20:00,7,16.32623863203658,64.54686657108448,691,83
2026-01-29 07:30:00,7,22.99670144409921,63.204256304630505,716,71
2026-01-29 07:40:00,7,16.98816168022185,63.57517352066468,718,82
2026-01-29 07:50:00,7,17.39327093822514,60.143013696297665,837,65
2026-01-29 08:00:00,8,18.58028707001734,61.97900531236456,943,69
2026-01-29 08:10:00,8,18.34741297667407,62.10647053666142,761,81
2026-01-29 08:20:00,8,18.779323844583335,71.57000000437431,953,60
2026-01-29 08:30:00,8,19.40286242249504,59.59189634387184,683,63
2026-01-29 08:40:00,8,18.370218493050988,65.99033779396851,649,67
2026-01-29 08:50:00,8,19.952696734225107,64.23385304787557,733,80
2026-01-29 09:00:00,9,15.906340446870672,56.07699875114267,915,77
2026-01-29 09:10:00,9,17.06952138064067,58.907159740139534,883,69
2026-01-29 09:20:00,9,19.241983697957945,55.823985350393116,841,65
2026-01-29 09:30:00,9,18.084165245828427,59.786545946644495,944,76
2026-01-29 09:40:00,9,16.518967188537292,63.672506655927286,918,89
2026-01-29 09:50:00,9,16.016211277545256,72.2909598705987,755,89
2026-01-29 10:00:00,10,15.641063201163746,67.42340716930694,933,43
2026-01-29 10:10:00,10,15.075485348006005,72.77710709996612,888,55
2026-01-29 10:20:00,10,16.55234000981895,69.47025040192646,753,50
2026-01-29 10:30:00,10,13.318182791345183,67.0445274798437,915,48
2026-01-29 10:40:00,10,16.327005950994348,56.13974684278247,849,40
2026-01-29 10:50:00,10,15.473434201404727,68.00523986204914,985,47
2026-01-29 11:00:00,11,14.64668392864225,63.34279844177197,698,51
2026-01-29 11:10:00,11,14.042958027481664,76.20569385927524,977,36
2026-01-29 11:20:00,11,16.83589496201277,71.46502020591288,605,34
2026-01-29 11:30:00,11,11.392350444175051,60.839028388412736,605,31
2026-01-29 11:40:00,11,10.70138166869464,75.3816817820954,866,42
2026-01-29 11:50:00,11,12.736303995169207,68.5319756192129,682,35
2026-01-29 12:00:00,12,12.311798065565908,63.1160841008102,922,46
2026-01-29 12:10:00,12,12.372115865666103,69.95467045269406,999,42
2026-01-29 12:20:00,12,11.0448238055871,75.59552614210641,951,43
2026-01-29 12:30:00,12,7.518217702561538,72.84956442978859,792,36
2026-01-29 12:40:00,12,12.935889394537188,67.73408113385976,648,34
2026-01-29 12:50:00,12,11.050507986605833,72.80514147751558,971,47
2026-01-29 13:00:00,13,6.691287187239791,72.35281884337004,627,54
2026-01-29 13:10:00,13,13.07447852992306,74.62059831014189,906,59
2026-01-29 13:20:00,13,6.648996017632883,76.87330026470343,811,54
2026-01-29 13:30:00,13,8.231946786993719,70.64319872274713,656,47
2026-01-29 13:40:00,13,7.062235190270479,75.97514420786239,758,37
2026-01-29 13:50:00,13,4.96339401956272,76.73637591342751,935,50
2026-01-29 14:00:00,14,7.078250962245006,71.14416789617297,743,34
2026-01-29 14:10:00,14,5.469721871331573,63.343353971352016,839,36
2026-01-29 14:20:00,14,6.575725055662533,79.21656451342932,885,37
2026-01-29 14:30:00,14,7.218731110271097,73.38115675188182,969,41
2026-01-29 14:40:00,14,6.886837623721081,75.00989257594294,831,38
2026-01-29 14:50:00,14,5.085956302710452,75.5110840560017,690,38
2026-01-29 15:00:00,15,3.7754730103990477,73.42491374356952,728,49
2026-01-29 15:10:00,15,6.225825201179088,72.45112208452588,606,49
2026-01-29 15:20:00,15,4.284464713241329,75.74973304621804,923,34
2026-01-29 15:30:00,15,1.9530941303435874,73.56794777767591,859,55
2026-01-29 15:40:00,15,3.0657058001709565,75.43604811415442,703,43
2026-01-29 15:50:00,15,0.4945702331817343,73.08416434982745,841,44
2026-01-29 16:00:00,16,1.392845833479562,77.44009758153973,962,39
2026-01-29 16:10:00,16,0.0410176135584428,80.09429827810318,937,47
2026-01-29 16:20:00,16,1.414395241549515,74.30105800190793,846,50
2026-01-29 16:30:00,16,1.3293085402268614,81.48981410959556,824,59
2026-01-29 16:40:00,16,2.523291054134973,73.27991990125047,935,45
2026-01-29 16:50:00,16,1.9107911820421815,75.89591665978453,629,32
2026-01-29 17:00:00,17,-2.215368743796618,82.9411595344038,951,64
2026-01-29 17:10:00,17,1.4197074401219247,74.77601707628718,860,83
2026-01-29 17:20:00,17,-0.5592980214340328,75.70430705020961,707,72
2026-01-29 17:30:00,17,1.9040704216979978,81.36720376997106,710,60
2026-01-29 17:40:00,17,0.2506084015520605,80.73046134221629,771,66
2026-01-29 17:50:00,17,-1.4469506789379603,69.99829184601869,855,63
2026-01-29 18:00:00,18,-0.459211296297458,68.32762265330359,849,72
2026-01-29 18:10:00,18,0.14182427123345442,70.23831822985133,695,82
2026-01-29 18:20:00,18,0.27582747490290155,83.36015592116136,808,83
2026-01-29 18:30:00,18,3.9804611263011243,81.63453474127571,839,86
2026-01-29 18:40:00,18,-1.6686927912652654,83.53741732573052,920,75
2026-01-29 18:50:00,18,1.10603333525416,88.36927720961404,613,87
2026-01-29 19:00:00,19,0.9561198403011131,74.52132669489522,73,85
2026-01-29 19:10:00,19,0.8485442593860977,80.59054491468628,127,65
2026-01-29 19:20:00,19,-1.1178414837163526,81.7113168816616,179,88
2026-01-29 19:30:00,19,-1.033790688688312,82.65840022138445,134,84
2026-01-29 19:40:00,19,-1.342660515629161,80.05076432195105,191,65
2026-01-29 19:50:00,19,1.6517614814661592,81.2030113058115,160,89
2026-01-29 20:00:00,20,0.5263262881747457,82.00199127139209,169,51
2026-01-29 20:10:00,20,1.8683823870186882,82.23454954517481,16,54
2026-01-29 20:20:00,20,0.7056106873334417,75.81846043660858,116,47
2026-01-29 20:30:00,20,3.5041458747176213,84.6331461660478,186,39
2026-01-29 20:40:00,20,1.3668060233859098,78.18235157703602,117,54
2026-01-29 20:50:00,20,3.2915508709569252,79.11831609598815,23,47
2026-01-29 21:00:00,21,3.3881931613929623,87.42223776934803,169,30
2026-01-29 21:10:00,21,3.131292213421113,74.05015266765623,193,39
2026-01-29 21:20:00,21,0.9302377740793071,73.65314172828927,13,30
2026-01-29 21:30:00,21,2.9761059811902957,79.940256066491,171,32
2026-01-29 21:40:00,21,3.835173257317467,79.6164996974552,182,38
2026-01-29 21:50:00,21,3.2359514232027196,80.24436753605633,68,52
2026-01-29 22:00:00,22,2.7893931537815213,74.0130817863079,69,50
2026-01-29 22:10:00,22,1.432203179457281,82.56784173803415,189,43
2026-01-29 22:20:00,22,7.867355716458487,77.14953359139832,140,54
2026-01-29 22:30:00,22,3.897726455855885,76.26485678181243,54,41
2026-01-29 22:40:00,22,5.520797133154899,80.42846158682616,176,52
2026-01-29 22:50:00,22,8.769456542962363,74.98229708015167,38,47
2026-01-29 23:00:00,23,9.343332904469385,72.62833031216323,6,46
2026-01-29 23:10:00,23,6.917536588366339,67.05757102202871,21,39
2026-01-29 23:20:00,23,6.641786070150052,78.39496141538389,101,56
2026-01-29 23:30:00,23,8.613499848350315,71.87170138416252,82,35
2026-01-29 23:40:00,23,5.58091273389925,75.83949556780362,59,30
2026-01-29 23:50:00,23,7.8884475228999325,72.19680194560898,153,59
2026-01-30 00:00:00,0,9.659641469626354,72.59341476203484,74,44
2026-01-30 00:10:00,0,10.694763907320286,68.135412404006,22,43
2026-01-30 00:20:00,0,8.482803817630593,68.80327102497446,21,42
2026-01-30 00:30:00,0,11.24321716538737,75.57556217475884,66,54
2026-01-30 00:40:00,0,12.097335622907869,68.89493018261783,73,54
2026-01-30 00:50:00,0,10.392872804309695,68.99224349128849,30,32
2026-01-30 01:00:00,1,11.435423377136775,71.02446157713824,164,41
2026-01-30 01:10:00,1,11.224765090109031,69.32180752245526,118,56
2026-01-30 01:20:00,1,11.323874515832825,66.76090199770506,55,50
2026-01-30 01:30:00,1,12.86256626520139,67.36849569500905,143,41
2026-01-30 01:40:00,1,11.202513769671823,64.85325882482033,74,57
2026-01-30 01:50:00,1,12.946662207193997,62.43092931620451,41,36
2026-01-30 02:00:00,2,15.406398544678623,78.34954148725191,25,53
2026-01-30 02:10:00,2,16.20725214563007,59.72082124363532,198,49
2026-01-30 02:20:00,2,15.517915131822226,70.37414737999414,4,46
2026-01-30 02:30:00,2,16.712961319895726,60.19310134864089,85,53
2026-01-30 02:40:00,2,14.157092488911674,64.97047916043024,86,46
2026-01-30 02:50:00,2,13.996123210385313,59.39255451966325,92,48
2026-01-30 03:00:00,3,17.115712537203365,77.77499610895276,44,44
2026-01-30 03:10:00,3,18.561166309019836,55.707991090788894,67,38
2026-01-30 03:20:00,3,15.845194685892238,57.48333816120015,191,57
2026-01-30 03:30:00,3,17.063892325278562,61.47322822586633,0,40
2026-01-30 03:40:00,3,14.965065862642025,69.76224534776253,117,47
2026-01-30 03:50:00,3,16.532383760860906,63.75337683292778,163,33
2026-01-30 04:00:00,4,20.653656087968976,57.18878483138486,164,31
2026-01-30 04:10:00,4,16.90318755762724,69.32747715857862,16,54
2026-01-30 04:20:00,4,18.375830300060223,60.07783724985204,39,53
2026-01-30 04:30:00,4,20.40812532410635,64.40830285432287,22,52
2026-01-30 04:40:00,4,19.541402380628412,60.45701282604373,120,46
2026-01-30 04:50:00,4,19.15354217660644,61.27276175520457,197,38
2026-01-30 05:00:00,5,21.121906184717055,61.67609197487031,89,43
2026-01-30 05:10:00,5,19.926587695477338,67.04613239262954,137,49
2026-01-30 05:20:00,5,18.43638104277182,57.85297780723782,14,47
2026-01-30 05:30:00,5,22.23290427873183,55.427402577250525,49,58
2026-01-30 05:40:00,5,18.23293188235704,53.665995619683216,30,31
2026-01-30 05:50:00,5,18.88077189628929,61.87857081533775,17,58
2026-01-30 06:00:00,6,18.328561764000032,52.008360573125,730,35
2026-01-30 06:10:00,6,20.416245154366404,57.58638846806738,987,34
2026-01-30 06:20:00,6,19.36759125106579,53.98286061959112,633,53
2026-01-30 06:30:00,6,19.78848711065252,59.27863601129813,890,57
2026-01-30 06:40:00,6,21.515980934510495,57.83725675486511,644,50
2026-01-30 06:50:00,6,20.553535662947326,64.00179596099156,949,58
2026-01-30 07:00:00,7,19.09613089055215,51.15233279939859,607,65
2026-01-30 07:10:00,7,19.440440230680732,64.9631211506272,806,60
2026-01-30 07:20:00,7,19.168690489019458,58.608638141554586,667,80
2026-01-30 07:30:00,7,19.28852624458682,69.82893050007812,690,87
2026-01-30 07:40:00,7,20.816064041546934,57.58939065046461,916,74
2026-01-30 07:50:00,7,18.03978591542279,52.6338682790963,649,64
2026-01-30 08:00:00,8,19.02059993318682,60.77213115012886,888,75
2026-01-30 08:10:00,8,19.78210223643532,63.081409262182774,742,69
2026-01-30 08:20:00,8,17.789269685612894,56.460262251269846,871,65
2026-01-30 08:30:00,8,20.54438407987736,66.5147896911411,896,68
2026-01-30 08:40:00,8,17.073979131963384,68.26466357016172,935,83
2026-01-30 08:50:00,8,17.54835919542135,51.52567645307846,868,60
2026-01-30 09:00:00,9,17.772009533310783,65.89125543065809,857,77
2026-01-30 09:10:00,9,16.801242629719567,56.46809669409925,908,61
2026-01-30 09:20:00,9,16.664057705421506,63.66009117366185,755,83
2026-01-30 09:30:00,9,18.005586886523783,71.14469538490192,639,81
2026-01-30 09:40:00,9,15.932573640033963,54.83869827524484,937,73
2026-01-30 09:50:00,9,18.189888355903598,68.36560570894922,967,70
2026-01-30 10:00:00,10,14.177711223819408,68.89872102116013,973,55
2026-01-30 10:10:00,10,12.837852576436466,69.17377439852349,711,44
2026-01-30 10:20:00,10,15.77928315730079,74.10338286278758,625,39
2026-01-30 10:30:00,10,14.9772190549533,68.80911165697034,655,50
2026-01-30 10:40:00,10,16.823955748517907,68.60899996455348,650,38
2026-01-30 10:50:00,10,14.994998319832655,67.04209785212109,741,47
2026-01-30 11:00:00,11,11.425095164859849,76.8279104424349,961,49
2026-01-30 11:10:00,11,13.331261432212644,66.6834213408802,898,58
2026-01-30 11:20:00,11,12.690215636397705,67.01950092895363,851,30
2026-01-30 11:30:00,11,12.040663105391562,67.81105811089238,928,33
2026-01-30 11:40:00,11,10.051688673264259,63.11133844241627,989,32
2026-01-30 11:50:00,11,11.607522456621188,71.105706564912,869,40
2026-01-30 12:00:00,12,9.589874066665207,67.96368806313905,721,37
2026-01-30 12:10:00,12,7.329484110261876,74.68637209429714,860,40
2026-01-30 12:20:00,12,10.692496412754041,73.994369532064,726,54
2026-01-30 12:30:00,12,11.118663491330633,65.74538550017283,920,43
2026-01-30 12:40:00,12,9.905456472814178,70.52476535982585,871,53
2026-01-30 12:50:00,12,9.933073400044416,72.73407274282523,864,57
2026-01-30 13:00:00,13,6.675745639757946,82.5721189365432,841,57
2026-01-30 13:10:00,13,9.008531505758206,66.44621118724267,739,40
2026-01-30 13:20:00,13,7.850927980560638,68.23845069514437,810,40
2026-01-30 13:30:00,13,7.914071998992421,75.65615659311568,930,44
2026-01-30 13:40:00,13,10.536547215955977,74.76978690879837,928,32
2026-01-30 13:50:00,13,5.997913098954408,76.52828528518391,661,34
2026-01-30 14:00:00,14,3.807930087893058,70.74858544170175,781,54
2026-01-30 14:10:00,14,3.69022108657477,75.21095304760455,767,54
2026-01-30 14:20:00,14,7.793279264436688,75.92319629736592,724,47
2026-01-30 14:30:00,14,3.226309468448817,76.02738175710793,699,33
2026-01-30 14:40:00,14,6.452438321110772,78.84271230347976,893,37
2026-01-30 14:50:00,14,4.745831954693882,74.83260565710036,869,58
2026-01-30 15:00:00,15,1.7887058482554041,74.06486938472418,820,50
2026-01-30 15:10:00,15,0.3324220729039755,73.91614700869576,607,47
2026-01-30 15:20:00,15,0.3791247092294392,74.6618236986392,916,55
2026-01-30 15:30:00,15,3.363879208763519,78.74844024358497,655,46
2026-01-30 15:40:00,15,4.280190597430948,79.74193328172223,601,46
2026-01-30 15:50:00,15,0.8496138637749051,84.17718188332505,617,33
2026-01-30 16:00:00,16,2.763320733034612,79.72543262830979,609,33
2026-01-30 16:10:00,16,2.4193832598139235,76.05817029777509,775,32
2026-01-30 16:20:00,16,2.6790638782138547,77.69181036845451,980,56
2026-01-30 16:30:00,16,0.7340425911566435,75.31303367418845,758,52
2026-01-30 16:40:00,16,0.8481271359639078,74.4595377204198,620,59
2026-01-30 16:50:00,16,0.1836211884531873,76.69730760007988,912,57
2026-01-30 17:00:00,17,2.4325654114304536,78.57604096080883,694,78
2026-01-30 17:10:00,17,3.2706624914462408,84.14425815318042,842,77
2026-01-30 17:20:00,17,-1.2271361903309614,84.01491639358656,639,60
2026-01-30 17:30:00,17,0.3303618114627699,81.39688887392543,801,81
2026-01-30 17:40:00,17,-0.6500686257195405,79.2508710719649,791,68
2026-01-30 17:50:00,17,0.6721422590302798,76.66993523720762,699,78
2026-01-30 18:00:00,18,-1.2388214465220813,74.15217836202788,618,76
2026-01-30 18:10:00,18,-0.06903019380316375,80.9116392431498,725,86
2026-01-30 18:20:00,18,1.4144087729354535,75.57672199141192,761,73
2026-01-30 18:30:00,18,-0.571217716194599,80.9067767608723,805,80
2026-01-30 18:40:00,18,-2.603406354707203,90.25451926862333,900,73
2026-01-30 18:50:00,18,1.800332246295128,82.5960188620794,647,70
2026-01-30 19:00:00,19,1.086833515213226,72.82465803175518,48,85
2026-01-30 19:10:00,19,-1.3694221119849903,89.10097804525523,55,66
2026-01-30 19:20:00,19,0.33182288663497733,88.55743622900016,55,84
2026-01-30 19:30:00,19,-1.4839669763633203,73.60684885781711,57,80
2026-01-30 19:40:00,19,1.0090843360567816,88.35412108610228,185,76
2026-01-30 19:50:00,19,0.2632554010280156,88.65101155532082,75,77
2026-01-30 20:00:00,20,1.0258381772897502,81.5221724209426,31,33
2026-01-30 20:10:00,20,-0.573349923417021,85.6489818828712,76,51
2026-01-30 20:20:00,20,0.24790099229736273,73.03868070072492,81,34
2026-01-30 20:30:00,20,2.1242382242004774,67.33857043095044,120,58
2026-01-30 20:40:00,20,0.12581340442163835,69.89988349511401,120,54
2026-01-30 20:50:00,20,1.5400211591821766,80.5846065725801,84,34
2026-01-30 21:00:00,21,2.765024885715829,69.87186516466994,132,35
2026-01-30 21:10:00,21,1.2971864852601829,74.48788235834826,174,57
2026-01-30 21:20:00,21,4.0771784121532555,78.62823192471278,65,44
2026-01-30 21:30:00,21,1.2470848012337439,78.75068245931087,147,56
2026-01-30 21:40:00,21,3.2188822017540524,81.68212737631495,153,49
2026-01-30 21:50:00,21,1.8317127212396458,74.68661538039679,2,53
2026-01-30 22:00:00,22,5.059567909931358,70.88298600153396,47,34
2026-01-30 22:10:00,22,4.371822027497186,75.67857568186155,94,49
2026-01-30 22:20:00,22,6.13754466437957,73.17039963804655,43,53
2026-01-30 22:30:00,22,4.195610383560757,70.21075875762915,39,30
2026-01-30 22:40:00,22,2.893734185898299,74.71226300767299,114,50
2026-01-30 22:50:00,22,3.5111468063357574,79.37361878016458,105,43
2026-01-30 23:00:00,23,6.4649313705959655,71.9589709557621,180,37
2026-01-30 23:10:00,23,7.214083367793247,80.02491976098659,104,45
2026-01-30 23:20:00,23,6.295219845391483,79.48891387831758,159,37
2026-01-30 23:30:00,23,6.5244263685461945,68.15562004941074,152,45
2026-01-30 23:40:00,23,9.532219491324367,79.33183185174333,108,33
2026-01-30 23:50:00,23,6.1854063711983125,70.63493960524099,20,35
